word,best_response
KIND,Kind helps me achieve my goals.
LOVE,Love helps me achieve my goals.
HAPPY,Happy helps me achieve my goals.
CARE,Care helps me achieve my goals.
TRUST,Consistent trust leads to strong leadership.
HELP,My actions reflect help daily.
GIVE,My actions reflect give daily.
BRAVE,Consistent brave leads to strong leadership.
INSPIRE,My actions reflect inspire daily.
MOTIVATE,Consistent motivate leads to strong leadership.
EFFORT,Effort helps me achieve my goals.
STRENGTH,Strength helps me achieve my goals.
RESCUE,Rescue helps me achieve my goals.
HONESTY,My actions reflect honesty daily.
PERSISTENCE,I believe in persistence as a core value.
DISCIPLINE,I believe in discipline as a core value.
INTEGRITY,I show integrity in every challenge I face.
OPTIMISM,My actions reflect optimism daily.
INITIATIVE,I show initiative in every challenge I face.
TREE,The tree supports better decisions.
ROAD,The road supports better decisions.
BOOK,The book is essential in daily planning.
MEAL,I value every meal as a learning opportunity.
SUN,The sun is essential in daily planning.
TIME,The time supports better decisions.
WALK,The walk is essential in daily planning.
WATER,I use the water to complete tasks effectively.
OBJECT,The object is essential in daily planning.
BALANCE,I value every balance as a learning opportunity.
ORDER,I use the order to complete tasks effectively.
SYSTEM,I make the best use of available system.
PLAN,I use the plan to complete tasks effectively.
METHOD,The method is essential in daily planning.
GROUP,I value every group as a learning opportunity.
STRUCTURE,I use the structure to complete tasks effectively.
SITUATION,I use the situation to complete tasks effectively.
CIRCUMSTANCE,I make the best use of available circumstance.
OPPORTUNITY,I make the best use of available opportunity.
VARIABLE,The variable is essential in daily planning.
LOSS,I overcome loss through focus and resilience.
HURT,Hurt teaches me to grow stronger.
CRY,I learn from cry to become better.
RISK,I face risk with courage and clarity.
LATE,Each late is a step toward improvement.
PAIN,I learn from pain to become better.
FALL,I face fall with courage and clarity.
FEAR,Fear teaches me to grow stronger.
CONFLICT,Conflict teaches me to grow stronger.
PRESSURE,I learn from pressure to become better.
ANXIETY,I face anxiety with courage and clarity.
FAILURE,I learn from failure to become better.
ANGER,I overcome anger through focus and resilience.
STRESS,Stress teaches me to grow stronger.
DEFEAT,I overcome defeat through focus and resilience.
FEARFUL,I overcome fearful through focus and resilience.
RESISTANCE,Resistance teaches me to grow stronger.
DISASTER,Each disaster is a step toward improvement.
CRISIS,Crisis teaches me to grow stronger.
EXTRAWORD58,I handle extraword58 with professionalism and skill.
EXTRAWORD59,I handle extraword59 with professionalism and skill.
EXTRAWORD60,I handle extraword60 with professionalism and skill.
EXTRAWORD61,I handle extraword61 with professionalism and skill.
EXTRAWORD62,I handle extraword62 with professionalism and skill.
EXTRAWORD63,I handle extraword63 with professionalism and skill.
EXTRAWORD64,I handle extraword64 with professionalism and skill.
EXTRAWORD65,I handle extraword65 with professionalism and skill.
EXTRAWORD66,I handle extraword66 with professionalism and skill.
EXTRAWORD67,I handle extraword67 with professionalism and skill.
EXTRAWORD68,I handle extraword68 with professionalism and skill.
EXTRAWORD69,I handle extraword69 with professionalism and skill.
EXTRAWORD70,I handle extraword70 with professionalism and skill.
EXTRAWORD71,I handle extraword71 with professionalism and skill.
EXTRAWORD72,I handle extraword72 with professionalism and skill.
EXTRAWORD73,I handle extraword73 with professionalism and skill.
EXTRAWORD74,I handle extraword74 with professionalism and skill.
EXTRAWORD75,I handle extraword75 with professionalism and skill.
EXTRAWORD76,I handle extraword76 with professionalism and skill.
EXTRAWORD77,I handle extraword77 with professionalism and skill.
EXTRAWORD78,I handle extraword78 with professionalism and skill.
EXTRAWORD79,I handle extraword79 with professionalism and skill.
EXTRAWORD80,I handle extraword80 with professionalism and skill.
EXTRAWORD81,I handle extraword81 with professionalism and skill.
EXTRAWORD82,I handle extraword82 with professionalism and skill.
EXTRAWORD83,I handle extraword83 with professionalism and skill.
EXTRAWORD84,I handle extraword84 with professionalism and skill.
EXTRAWORD85,I handle extraword85 with professionalism and skill.
EXTRAWORD86,I handle extraword86 with professionalism and skill.
EXTRAWORD87,I handle extraword87 with professionalism and skill.
EXTRAWORD88,I handle extraword88 with professionalism and skill.
EXTRAWORD89,I handle extraword89 with professionalism and skill.
EXTRAWORD90,I handle extraword90 with professionalism and skill.
EXTRAWORD91,I handle extraword91 with professionalism and skill.
EXTRAWORD92,I handle extraword92 with professionalism and skill.
EXTRAWORD93,I handle extraword93 with professionalism and skill.
EXTRAWORD94,I handle extraword94 with professionalism and skill.
EXTRAWORD95,I handle extraword95 with professionalism and skill.
EXTRAWORD96,I handle extraword96 with professionalism and skill.
EXTRAWORD97,I handle extraword97 with professionalism and skill.
EXTRAWORD98,I handle extraword98 with professionalism and skill.
EXTRAWORD99,I handle extraword99 with professionalism and skill.
EXTRAWORD100,I handle extraword100 with professionalism and skill.
EXTRAWORD101,I handle extraword101 with professionalism and skill.
EXTRAWORD102,I handle extraword102 with professionalism and skill.
EXTRAWORD103,I handle extraword103 with professionalism and skill.
EXTRAWORD104,I handle extraword104 with professionalism and skill.
EXTRAWORD105,I handle extraword105 with professionalism and skill.
EXTRAWORD106,I handle extraword106 with professionalism and skill.
EXTRAWORD107,I handle extraword107 with professionalism and skill.
EXTRAWORD108,I handle extraword108 with professionalism and skill.
EXTRAWORD109,I handle extraword109 with professionalism and skill.
EXTRAWORD110,I handle extraword110 with professionalism and skill.
EXTRAWORD111,I handle extraword111 with professionalism and skill.
EXTRAWORD112,I handle extraword112 with professionalism and skill.
EXTRAWORD113,I handle extraword113 with professionalism and skill.
EXTRAWORD114,I handle extraword114 with professionalism and skill.
EXTRAWORD115,I handle extraword115 with professionalism and skill.
EXTRAWORD116,I handle extraword116 with professionalism and skill.
EXTRAWORD117,I handle extraword117 with professionalism and skill.
EXTRAWORD118,I handle extraword118 with professionalism and skill.
EXTRAWORD119,I handle extraword119 with professionalism and skill.
EXTRAWORD120,I handle extraword120 with professionalism and skill.
EXTRAWORD121,I handle extraword121 with professionalism and skill.
EXTRAWORD122,I handle extraword122 with professionalism and skill.
EXTRAWORD123,I handle extraword123 with professionalism and skill.
EXTRAWORD124,I handle extraword124 with professionalism and skill.
EXTRAWORD125,I handle extraword125 with professionalism and skill.
EXTRAWORD126,I handle extraword126 with professionalism and skill.
EXTRAWORD127,I handle extraword127 with professionalism and skill.
EXTRAWORD128,I handle extraword128 with professionalism and skill.
EXTRAWORD129,I handle extraword129 with professionalism and skill.
EXTRAWORD130,I handle extraword130 with professionalism and skill.
EXTRAWORD131,I handle extraword131 with professionalism and skill.
EXTRAWORD132,I handle extraword132 with professionalism and skill.
EXTRAWORD133,I handle extraword133 with professionalism and skill.
EXTRAWORD134,I handle extraword134 with professionalism and skill.
EXTRAWORD135,I handle extraword135 with professionalism and skill.
EXTRAWORD136,I handle extraword136 with professionalism and skill.
EXTRAWORD137,I handle extraword137 with professionalism and skill.
EXTRAWORD138,I handle extraword138 with professionalism and skill.
EXTRAWORD139,I handle extraword139 with professionalism and skill.
EXTRAWORD140,I handle extraword140 with professionalism and skill.
EXTRAWORD141,I handle extraword141 with professionalism and skill.
EXTRAWORD142,I handle extraword142 with professionalism and skill.
EXTRAWORD143,I handle extraword143 with professionalism and skill.
EXTRAWORD144,I handle extraword144 with professionalism and skill.
EXTRAWORD145,I handle extraword145 with professionalism and skill.
EXTRAWORD146,I handle extraword146 with professionalism and skill.
EXTRAWORD147,I handle extraword147 with professionalism and skill.
EXTRAWORD148,I handle extraword148 with professionalism and skill.
EXTRAWORD149,I handle extraword149 with professionalism and skill.
EXTRAWORD150,I handle extraword150 with professionalism and skill.
EXTRAWORD151,I handle extraword151 with professionalism and skill.
EXTRAWORD152,I handle extraword152 with professionalism and skill.
EXTRAWORD153,I handle extraword153 with professionalism and skill.
EXTRAWORD154,I handle extraword154 with professionalism and skill.
EXTRAWORD155,I handle extraword155 with professionalism and skill.
EXTRAWORD156,I handle extraword156 with professionalism and skill.
EXTRAWORD157,I handle extraword157 with professionalism and skill.
EXTRAWORD158,I handle extraword158 with professionalism and skill.
EXTRAWORD159,I handle extraword159 with professionalism and skill.
EXTRAWORD160,I handle extraword160 with professionalism and skill.
EXTRAWORD161,I handle extraword161 with professionalism and skill.
EXTRAWORD162,I handle extraword162 with professionalism and skill.
EXTRAWORD163,I handle extraword163 with professionalism and skill.
EXTRAWORD164,I handle extraword164 with professionalism and skill.
EXTRAWORD165,I handle extraword165 with professionalism and skill.
EXTRAWORD166,I handle extraword166 with professionalism and skill.
EXTRAWORD167,I handle extraword167 with professionalism and skill.
EXTRAWORD168,I handle extraword168 with professionalism and skill.
EXTRAWORD169,I handle extraword169 with professionalism and skill.
EXTRAWORD170,I handle extraword170 with professionalism and skill.
EXTRAWORD171,I handle extraword171 with professionalism and skill.
EXTRAWORD172,I handle extraword172 with professionalism and skill.
EXTRAWORD173,I handle extraword173 with professionalism and skill.
EXTRAWORD174,I handle extraword174 with professionalism and skill.
EXTRAWORD175,I handle extraword175 with professionalism and skill.
EXTRAWORD176,I handle extraword176 with professionalism and skill.
EXTRAWORD177,I handle extraword177 with professionalism and skill.
EXTRAWORD178,I handle extraword178 with professionalism and skill.
EXTRAWORD179,I handle extraword179 with professionalism and skill.
EXTRAWORD180,I handle extraword180 with professionalism and skill.
EXTRAWORD181,I handle extraword181 with professionalism and skill.
EXTRAWORD182,I handle extraword182 with professionalism and skill.
EXTRAWORD183,I handle extraword183 with professionalism and skill.
EXTRAWORD184,I handle extraword184 with professionalism and skill.
EXTRAWORD185,I handle extraword185 with professionalism and skill.
EXTRAWORD186,I handle extraword186 with professionalism and skill.
EXTRAWORD187,I handle extraword187 with professionalism and skill.
EXTRAWORD188,I handle extraword188 with professionalism and skill.
EXTRAWORD189,I handle extraword189 with professionalism and skill.
EXTRAWORD190,I handle extraword190 with professionalism and skill.
EXTRAWORD191,I handle extraword191 with professionalism and skill.
EXTRAWORD192,I handle extraword192 with professionalism and skill.
EXTRAWORD193,I handle extraword193 with professionalism and skill.
EXTRAWORD194,I handle extraword194 with professionalism and skill.
EXTRAWORD195,I handle extraword195 with professionalism and skill.
EXTRAWORD196,I handle extraword196 with professionalism and skill.
EXTRAWORD197,I handle extraword197 with professionalism and skill.
EXTRAWORD198,I handle extraword198 with professionalism and skill.
EXTRAWORD199,I handle extraword199 with professionalism and skill.
EXTRAWORD200,I handle extraword200 with professionalism and skill.
EXTRAWORD201,I handle extraword201 with professionalism and skill.
EXTRAWORD202,I handle extraword202 with professionalism and skill.
EXTRAWORD203,I handle extraword203 with professionalism and skill.
EXTRAWORD204,I handle extraword204 with professionalism and skill.
EXTRAWORD205,I handle extraword205 with professionalism and skill.
EXTRAWORD206,I handle extraword206 with professionalism and skill.
EXTRAWORD207,I handle extraword207 with professionalism and skill.
EXTRAWORD208,I handle extraword208 with professionalism and skill.
EXTRAWORD209,I handle extraword209 with professionalism and skill.
EXTRAWORD210,I handle extraword210 with professionalism and skill.
EXTRAWORD211,I handle extraword211 with professionalism and skill.
EXTRAWORD212,I handle extraword212 with professionalism and skill.
EXTRAWORD213,I handle extraword213 with professionalism and skill.
EXTRAWORD214,I handle extraword214 with professionalism and skill.
EXTRAWORD215,I handle extraword215 with professionalism and skill.
EXTRAWORD216,I handle extraword216 with professionalism and skill.
EXTRAWORD217,I handle extraword217 with professionalism and skill.
EXTRAWORD218,I handle extraword218 with professionalism and skill.
EXTRAWORD219,I handle extraword219 with professionalism and skill.
EXTRAWORD220,I handle extraword220 with professionalism and skill.
EXTRAWORD221,I handle extraword221 with professionalism and skill.
EXTRAWORD222,I handle extraword222 with professionalism and skill.
EXTRAWORD223,I handle extraword223 with professionalism and skill.
EXTRAWORD224,I handle extraword224 with professionalism and skill.
EXTRAWORD225,I handle extraword225 with professionalism and skill.
EXTRAWORD226,I handle extraword226 with professionalism and skill.
EXTRAWORD227,I handle extraword227 with professionalism and skill.
EXTRAWORD228,I handle extraword228 with professionalism and skill.
EXTRAWORD229,I handle extraword229 with professionalism and skill.
EXTRAWORD230,I handle extraword230 with professionalism and skill.
EXTRAWORD231,I handle extraword231 with professionalism and skill.
EXTRAWORD232,I handle extraword232 with professionalism and skill.
EXTRAWORD233,I handle extraword233 with professionalism and skill.
EXTRAWORD234,I handle extraword234 with professionalism and skill.
EXTRAWORD235,I handle extraword235 with professionalism and skill.
EXTRAWORD236,I handle extraword236 with professionalism and skill.
EXTRAWORD237,I handle extraword237 with professionalism and skill.
EXTRAWORD238,I handle extraword238 with professionalism and skill.
EXTRAWORD239,I handle extraword239 with professionalism and skill.
EXTRAWORD240,I handle extraword240 with professionalism and skill.
EXTRAWORD241,I handle extraword241 with professionalism and skill.
EXTRAWORD242,I handle extraword242 with professionalism and skill.
EXTRAWORD243,I handle extraword243 with professionalism and skill.
EXTRAWORD244,I handle extraword244 with professionalism and skill.
EXTRAWORD245,I handle extraword245 with professionalism and skill.
EXTRAWORD246,I handle extraword246 with professionalism and skill.
EXTRAWORD247,I handle extraword247 with professionalism and skill.
EXTRAWORD248,I handle extraword248 with professionalism and skill.
EXTRAWORD249,I handle extraword249 with professionalism and skill.
EXTRAWORD250,I handle extraword250 with professionalism and skill.
EXTRAWORD251,I handle extraword251 with professionalism and skill.
EXTRAWORD252,I handle extraword252 with professionalism and skill.
EXTRAWORD253,I handle extraword253 with professionalism and skill.
EXTRAWORD254,I handle extraword254 with professionalism and skill.
EXTRAWORD255,I handle extraword255 with professionalism and skill.
EXTRAWORD256,I handle extraword256 with professionalism and skill.
EXTRAWORD257,I handle extraword257 with professionalism and skill.
EXTRAWORD258,I handle extraword258 with professionalism and skill.
EXTRAWORD259,I handle extraword259 with professionalism and skill.
EXTRAWORD260,I handle extraword260 with professionalism and skill.
EXTRAWORD261,I handle extraword261 with professionalism and skill.
EXTRAWORD262,I handle extraword262 with professionalism and skill.
EXTRAWORD263,I handle extraword263 with professionalism and skill.
EXTRAWORD264,I handle extraword264 with professionalism and skill.
EXTRAWORD265,I handle extraword265 with professionalism and skill.
EXTRAWORD266,I handle extraword266 with professionalism and skill.
EXTRAWORD267,I handle extraword267 with professionalism and skill.
EXTRAWORD268,I handle extraword268 with professionalism and skill.
EXTRAWORD269,I handle extraword269 with professionalism and skill.
EXTRAWORD270,I handle extraword270 with professionalism and skill.
EXTRAWORD271,I handle extraword271 with professionalism and skill.
EXTRAWORD272,I handle extraword272 with professionalism and skill.
EXTRAWORD273,I handle extraword273 with professionalism and skill.
EXTRAWORD274,I handle extraword274 with professionalism and skill.
EXTRAWORD275,I handle extraword275 with professionalism and skill.
EXTRAWORD276,I handle extraword276 with professionalism and skill.
EXTRAWORD277,I handle extraword277 with professionalism and skill.
EXTRAWORD278,I handle extraword278 with professionalism and skill.
EXTRAWORD279,I handle extraword279 with professionalism and skill.
EXTRAWORD280,I handle extraword280 with professionalism and skill.
EXTRAWORD281,I handle extraword281 with professionalism and skill.
EXTRAWORD282,I handle extraword282 with professionalism and skill.
EXTRAWORD283,I handle extraword283 with professionalism and skill.
EXTRAWORD284,I handle extraword284 with professionalism and skill.
EXTRAWORD285,I handle extraword285 with professionalism and skill.
EXTRAWORD286,I handle extraword286 with professionalism and skill.
EXTRAWORD287,I handle extraword287 with professionalism and skill.
EXTRAWORD288,I handle extraword288 with professionalism and skill.
EXTRAWORD289,I handle extraword289 with professionalism and skill.
EXTRAWORD290,I handle extraword290 with professionalism and skill.
EXTRAWORD291,I handle extraword291 with professionalism and skill.
EXTRAWORD292,I handle extraword292 with professionalism and skill.
EXTRAWORD293,I handle extraword293 with professionalism and skill.
EXTRAWORD294,I handle extraword294 with professionalism and skill.
EXTRAWORD295,I handle extraword295 with professionalism and skill.
EXTRAWORD296,I handle extraword296 with professionalism and skill.
EXTRAWORD297,I handle extraword297 with professionalism and skill.
EXTRAWORD298,I handle extraword298 with professionalism and skill.
EXTRAWORD299,I handle extraword299 with professionalism and skill.
EXTRAWORD300,I handle extraword300 with professionalism and skill.
EXTRAWORD301,I handle extraword301 with professionalism and skill.
EXTRAWORD302,I handle extraword302 with professionalism and skill.
EXTRAWORD303,I handle extraword303 with professionalism and skill.
EXTRAWORD304,I handle extraword304 with professionalism and skill.
EXTRAWORD305,I handle extraword305 with professionalism and skill.
EXTRAWORD306,I handle extraword306 with professionalism and skill.
EXTRAWORD307,I handle extraword307 with professionalism and skill.
EXTRAWORD308,I handle extraword308 with professionalism and skill.
EXTRAWORD309,I handle extraword309 with professionalism and skill.
EXTRAWORD310,I handle extraword310 with professionalism and skill.
EXTRAWORD311,I handle extraword311 with professionalism and skill.
EXTRAWORD312,I handle extraword312 with professionalism and skill.
EXTRAWORD313,I handle extraword313 with professionalism and skill.
EXTRAWORD314,I handle extraword314 with professionalism and skill.
EXTRAWORD315,I handle extraword315 with professionalism and skill.
EXTRAWORD316,I handle extraword316 with professionalism and skill.
EXTRAWORD317,I handle extraword317 with professionalism and skill.
EXTRAWORD318,I handle extraword318 with professionalism and skill.
EXTRAWORD319,I handle extraword319 with professionalism and skill.
EXTRAWORD320,I handle extraword320 with professionalism and skill.
EXTRAWORD321,I handle extraword321 with professionalism and skill.
EXTRAWORD322,I handle extraword322 with professionalism and skill.
EXTRAWORD323,I handle extraword323 with professionalism and skill.
EXTRAWORD324,I handle extraword324 with professionalism and skill.
EXTRAWORD325,I handle extraword325 with professionalism and skill.
EXTRAWORD326,I handle extraword326 with professionalism and skill.
EXTRAWORD327,I handle extraword327 with professionalism and skill.
EXTRAWORD328,I handle extraword328 with professionalism and skill.
EXTRAWORD329,I handle extraword329 with professionalism and skill.
EXTRAWORD330,I handle extraword330 with professionalism and skill.
EXTRAWORD331,I handle extraword331 with professionalism and skill.
EXTRAWORD332,I handle extraword332 with professionalism and skill.
EXTRAWORD333,I handle extraword333 with professionalism and skill.
EXTRAWORD334,I handle extraword334 with professionalism and skill.
EXTRAWORD335,I handle extraword335 with professionalism and skill.
EXTRAWORD336,I handle extraword336 with professionalism and skill.
EXTRAWORD337,I handle extraword337 with professionalism and skill.
EXTRAWORD338,I handle extraword338 with professionalism and skill.
EXTRAWORD339,I handle extraword339 with professionalism and skill.
EXTRAWORD340,I handle extraword340 with professionalism and skill.
EXTRAWORD341,I handle extraword341 with professionalism and skill.
EXTRAWORD342,I handle extraword342 with professionalism and skill.
EXTRAWORD343,I handle extraword343 with professionalism and skill.
EXTRAWORD344,I handle extraword344 with professionalism and skill.
EXTRAWORD345,I handle extraword345 with professionalism and skill.
EXTRAWORD346,I handle extraword346 with professionalism and skill.
EXTRAWORD347,I handle extraword347 with professionalism and skill.
EXTRAWORD348,I handle extraword348 with professionalism and skill.
EXTRAWORD349,I handle extraword349 with professionalism and skill.
EXTRAWORD350,I handle extraword350 with professionalism and skill.
EXTRAWORD351,I handle extraword351 with professionalism and skill.
EXTRAWORD352,I handle extraword352 with professionalism and skill.
EXTRAWORD353,I handle extraword353 with professionalism and skill.
EXTRAWORD354,I handle extraword354 with professionalism and skill.
EXTRAWORD355,I handle extraword355 with professionalism and skill.
EXTRAWORD356,I handle extraword356 with professionalism and skill.
EXTRAWORD357,I handle extraword357 with professionalism and skill.
EXTRAWORD358,I handle extraword358 with professionalism and skill.
EXTRAWORD359,I handle extraword359 with professionalism and skill.
EXTRAWORD360,I handle extraword360 with professionalism and skill.
EXTRAWORD361,I handle extraword361 with professionalism and skill.
EXTRAWORD362,I handle extraword362 with professionalism and skill.
EXTRAWORD363,I handle extraword363 with professionalism and skill.
EXTRAWORD364,I handle extraword364 with professionalism and skill.
EXTRAWORD365,I handle extraword365 with professionalism and skill.
EXTRAWORD366,I handle extraword366 with professionalism and skill.
EXTRAWORD367,I handle extraword367 with professionalism and skill.
EXTRAWORD368,I handle extraword368 with professionalism and skill.
EXTRAWORD369,I handle extraword369 with professionalism and skill.
EXTRAWORD370,I handle extraword370 with professionalism and skill.
EXTRAWORD371,I handle extraword371 with professionalism and skill.
EXTRAWORD372,I handle extraword372 with professionalism and skill.
EXTRAWORD373,I handle extraword373 with professionalism and skill.
EXTRAWORD374,I handle extraword374 with professionalism and skill.
EXTRAWORD375,I handle extraword375 with professionalism and skill.
EXTRAWORD376,I handle extraword376 with professionalism and skill.
EXTRAWORD377,I handle extraword377 with professionalism and skill.
EXTRAWORD378,I handle extraword378 with professionalism and skill.
EXTRAWORD379,I handle extraword379 with professionalism and skill.
EXTRAWORD380,I handle extraword380 with professionalism and skill.
EXTRAWORD381,I handle extraword381 with professionalism and skill.
EXTRAWORD382,I handle extraword382 with professionalism and skill.
EXTRAWORD383,I handle extraword383 with professionalism and skill.
EXTRAWORD384,I handle extraword384 with professionalism and skill.
EXTRAWORD385,I handle extraword385 with professionalism and skill.
EXTRAWORD386,I handle extraword386 with professionalism and skill.
EXTRAWORD387,I handle extraword387 with professionalism and skill.
EXTRAWORD388,I handle extraword388 with professionalism and skill.
EXTRAWORD389,I handle extraword389 with professionalism and skill.
EXTRAWORD390,I handle extraword390 with professionalism and skill.
EXTRAWORD391,I handle extraword391 with professionalism and skill.
EXTRAWORD392,I handle extraword392 with professionalism and skill.
EXTRAWORD393,I handle extraword393 with professionalism and skill.
EXTRAWORD394,I handle extraword394 with professionalism and skill.
EXTRAWORD395,I handle extraword395 with professionalism and skill.
EXTRAWORD396,I handle extraword396 with professionalism and skill.
EXTRAWORD397,I handle extraword397 with professionalism and skill.
EXTRAWORD398,I handle extraword398 with professionalism and skill.
EXTRAWORD399,I handle extraword399 with professionalism and skill.
EXTRAWORD400,I handle extraword400 with professionalism and skill.
EXTRAWORD401,I handle extraword401 with professionalism and skill.
EXTRAWORD402,I handle extraword402 with professionalism and skill.
EXTRAWORD403,I handle extraword403 with professionalism and skill.
EXTRAWORD404,I handle extraword404 with professionalism and skill.
EXTRAWORD405,I handle extraword405 with professionalism and skill.
EXTRAWORD406,I handle extraword406 with professionalism and skill.
EXTRAWORD407,I handle extraword407 with professionalism and skill.
EXTRAWORD408,I handle extraword408 with professionalism and skill.
EXTRAWORD409,I handle extraword409 with professionalism and skill.
EXTRAWORD410,I handle extraword410 with professionalism and skill.
EXTRAWORD411,I handle extraword411 with professionalism and skill.
EXTRAWORD412,I handle extraword412 with professionalism and skill.
EXTRAWORD413,I handle extraword413 with professionalism and skill.
EXTRAWORD414,I handle extraword414 with professionalism and skill.
EXTRAWORD415,I handle extraword415 with professionalism and skill.
EXTRAWORD416,I handle extraword416 with professionalism and skill.
EXTRAWORD417,I handle extraword417 with professionalism and skill.
EXTRAWORD418,I handle extraword418 with professionalism and skill.
EXTRAWORD419,I handle extraword419 with professionalism and skill.
EXTRAWORD420,I handle extraword420 with professionalism and skill.
EXTRAWORD421,I handle extraword421 with professionalism and skill.
EXTRAWORD422,I handle extraword422 with professionalism and skill.
EXTRAWORD423,I handle extraword423 with professionalism and skill.
EXTRAWORD424,I handle extraword424 with professionalism and skill.
EXTRAWORD425,I handle extraword425 with professionalism and skill.
EXTRAWORD426,I handle extraword426 with professionalism and skill.
EXTRAWORD427,I handle extraword427 with professionalism and skill.
EXTRAWORD428,I handle extraword428 with professionalism and skill.
EXTRAWORD429,I handle extraword429 with professionalism and skill.
EXTRAWORD430,I handle extraword430 with professionalism and skill.
EXTRAWORD431,I handle extraword431 with professionalism and skill.
EXTRAWORD432,I handle extraword432 with professionalism and skill.
EXTRAWORD433,I handle extraword433 with professionalism and skill.
EXTRAWORD434,I handle extraword434 with professionalism and skill.
EXTRAWORD435,I handle extraword435 with professionalism and skill.
EXTRAWORD436,I handle extraword436 with professionalism and skill.
EXTRAWORD437,I handle extraword437 with professionalism and skill.
EXTRAWORD438,I handle extraword438 with professionalism and skill.
EXTRAWORD439,I handle extraword439 with professionalism and skill.
EXTRAWORD440,I handle extraword440 with professionalism and skill.
EXTRAWORD441,I handle extraword441 with professionalism and skill.
EXTRAWORD442,I handle extraword442 with professionalism and skill.
EXTRAWORD443,I handle extraword443 with professionalism and skill.
EXTRAWORD444,I handle extraword444 with professionalism and skill.
EXTRAWORD445,I handle extraword445 with professionalism and skill.
EXTRAWORD446,I handle extraword446 with professionalism and skill.
EXTRAWORD447,I handle extraword447 with professionalism and skill.
EXTRAWORD448,I handle extraword448 with professionalism and skill.
EXTRAWORD449,I handle extraword449 with professionalism and skill.
EXTRAWORD450,I handle extraword450 with professionalism and skill.
EXTRAWORD451,I handle extraword451 with professionalism and skill.
EXTRAWORD452,I handle extraword452 with professionalism and skill.
EXTRAWORD453,I handle extraword453 with professionalism and skill.
EXTRAWORD454,I handle extraword454 with professionalism and skill.
EXTRAWORD455,I handle extraword455 with professionalism and skill.
EXTRAWORD456,I handle extraword456 with professionalism and skill.
EXTRAWORD457,I handle extraword457 with professionalism and skill.
EXTRAWORD458,I handle extraword458 with professionalism and skill.
EXTRAWORD459,I handle extraword459 with professionalism and skill.
EXTRAWORD460,I handle extraword460 with professionalism and skill.
EXTRAWORD461,I handle extraword461 with professionalism and skill.
EXTRAWORD462,I handle extraword462 with professionalism and skill.
EXTRAWORD463,I handle extraword463 with professionalism and skill.
EXTRAWORD464,I handle extraword464 with professionalism and skill.
EXTRAWORD465,I handle extraword465 with professionalism and skill.
EXTRAWORD466,I handle extraword466 with professionalism and skill.
EXTRAWORD467,I handle extraword467 with professionalism and skill.
EXTRAWORD468,I handle extraword468 with professionalism and skill.
EXTRAWORD469,I handle extraword469 with professionalism and skill.
EXTRAWORD470,I handle extraword470 with professionalism and skill.
EXTRAWORD471,I handle extraword471 with professionalism and skill.
EXTRAWORD472,I handle extraword472 with professionalism and skill.
EXTRAWORD473,I handle extraword473 with professionalism and skill.
EXTRAWORD474,I handle extraword474 with professionalism and skill.
EXTRAWORD475,I handle extraword475 with professionalism and skill.
EXTRAWORD476,I handle extraword476 with professionalism and skill.
EXTRAWORD477,I handle extraword477 with professionalism and skill.
EXTRAWORD478,I handle extraword478 with professionalism and skill.
EXTRAWORD479,I handle extraword479 with professionalism and skill.
EXTRAWORD480,I handle extraword480 with professionalism and skill.
EXTRAWORD481,I handle extraword481 with professionalism and skill.
EXTRAWORD482,I handle extraword482 with professionalism and skill.
EXTRAWORD483,I handle extraword483 with professionalism and skill.
EXTRAWORD484,I handle extraword484 with professionalism and skill.
EXTRAWORD485,I handle extraword485 with professionalism and skill.
EXTRAWORD486,I handle extraword486 with professionalism and skill.
EXTRAWORD487,I handle extraword487 with professionalism and skill.
EXTRAWORD488,I handle extraword488 with professionalism and skill.
EXTRAWORD489,I handle extraword489 with professionalism and skill.
EXTRAWORD490,I handle extraword490 with professionalism and skill.
EXTRAWORD491,I handle extraword491 with professionalism and skill.
EXTRAWORD492,I handle extraword492 with professionalism and skill.
EXTRAWORD493,I handle extraword493 with professionalism and skill.
EXTRAWORD494,I handle extraword494 with professionalism and skill.
EXTRAWORD495,I handle extraword495 with professionalism and skill.
EXTRAWORD496,I handle extraword496 with professionalism and skill.
EXTRAWORD497,I handle extraword497 with professionalism and skill.
EXTRAWORD498,I handle extraword498 with professionalism and skill.
EXTRAWORD499,I handle extraword499 with professionalism and skill.
EXTRAWORD500,I handle extraword500 with professionalism and skill.
EXTRAWORD501,I handle extraword501 with professionalism and skill.
EXTRAWORD502,I handle extraword502 with professionalism and skill.
EXTRAWORD503,I handle extraword503 with professionalism and skill.
EXTRAWORD504,I handle extraword504 with professionalism and skill.
EXTRAWORD505,I handle extraword505 with professionalism and skill.
EXTRAWORD506,I handle extraword506 with professionalism and skill.
EXTRAWORD507,I handle extraword507 with professionalism and skill.
EXTRAWORD508,I handle extraword508 with professionalism and skill.
EXTRAWORD509,I handle extraword509 with professionalism and skill.
EXTRAWORD510,I handle extraword510 with professionalism and skill.
EXTRAWORD511,I handle extraword511 with professionalism and skill.
EXTRAWORD512,I handle extraword512 with professionalism and skill.
EXTRAWORD513,I handle extraword513 with professionalism and skill.
EXTRAWORD514,I handle extraword514 with professionalism and skill.
EXTRAWORD515,I handle extraword515 with professionalism and skill.
EXTRAWORD516,I handle extraword516 with professionalism and skill.
EXTRAWORD517,I handle extraword517 with professionalism and skill.
EXTRAWORD518,I handle extraword518 with professionalism and skill.
EXTRAWORD519,I handle extraword519 with professionalism and skill.
EXTRAWORD520,I handle extraword520 with professionalism and skill.
EXTRAWORD521,I handle extraword521 with professionalism and skill.
EXTRAWORD522,I handle extraword522 with professionalism and skill.
EXTRAWORD523,I handle extraword523 with professionalism and skill.
EXTRAWORD524,I handle extraword524 with professionalism and skill.
EXTRAWORD525,I handle extraword525 with professionalism and skill.
EXTRAWORD526,I handle extraword526 with professionalism and skill.
EXTRAWORD527,I handle extraword527 with professionalism and skill.
EXTRAWORD528,I handle extraword528 with professionalism and skill.
EXTRAWORD529,I handle extraword529 with professionalism and skill.
EXTRAWORD530,I handle extraword530 with professionalism and skill.
EXTRAWORD531,I handle extraword531 with professionalism and skill.
EXTRAWORD532,I handle extraword532 with professionalism and skill.
EXTRAWORD533,I handle extraword533 with professionalism and skill.
EXTRAWORD534,I handle extraword534 with professionalism and skill.
EXTRAWORD535,I handle extraword535 with professionalism and skill.
EXTRAWORD536,I handle extraword536 with professionalism and skill.
EXTRAWORD537,I handle extraword537 with professionalism and skill.
EXTRAWORD538,I handle extraword538 with professionalism and skill.
EXTRAWORD539,I handle extraword539 with professionalism and skill.
EXTRAWORD540,I handle extraword540 with professionalism and skill.
EXTRAWORD541,I handle extraword541 with professionalism and skill.
EXTRAWORD542,I handle extraword542 with professionalism and skill.
EXTRAWORD543,I handle extraword543 with professionalism and skill.
EXTRAWORD544,I handle extraword544 with professionalism and skill.
EXTRAWORD545,I handle extraword545 with professionalism and skill.
EXTRAWORD546,I handle extraword546 with professionalism and skill.
EXTRAWORD547,I handle extraword547 with professionalism and skill.
EXTRAWORD548,I handle extraword548 with professionalism and skill.
EXTRAWORD549,I handle extraword549 with professionalism and skill.
EXTRAWORD550,I handle extraword550 with professionalism and skill.
EXTRAWORD551,I handle extraword551 with professionalism and skill.
EXTRAWORD552,I handle extraword552 with professionalism and skill.
EXTRAWORD553,I handle extraword553 with professionalism and skill.
EXTRAWORD554,I handle extraword554 with professionalism and skill.
EXTRAWORD555,I handle extraword555 with professionalism and skill.
EXTRAWORD556,I handle extraword556 with professionalism and skill.
EXTRAWORD557,I handle extraword557 with professionalism and skill.
EXTRAWORD558,I handle extraword558 with professionalism and skill.
EXTRAWORD559,I handle extraword559 with professionalism and skill.
EXTRAWORD560,I handle extraword560 with professionalism and skill.
EXTRAWORD561,I handle extraword561 with professionalism and skill.
EXTRAWORD562,I handle extraword562 with professionalism and skill.
EXTRAWORD563,I handle extraword563 with professionalism and skill.
EXTRAWORD564,I handle extraword564 with professionalism and skill.
EXTRAWORD565,I handle extraword565 with professionalism and skill.
EXTRAWORD566,I handle extraword566 with professionalism and skill.
EXTRAWORD567,I handle extraword567 with professionalism and skill.
EXTRAWORD568,I handle extraword568 with professionalism and skill.
EXTRAWORD569,I handle extraword569 with professionalism and skill.
EXTRAWORD570,I handle extraword570 with professionalism and skill.
EXTRAWORD571,I handle extraword571 with professionalism and skill.
EXTRAWORD572,I handle extraword572 with professionalism and skill.
EXTRAWORD573,I handle extraword573 with professionalism and skill.
EXTRAWORD574,I handle extraword574 with professionalism and skill.
EXTRAWORD575,I handle extraword575 with professionalism and skill.
EXTRAWORD576,I handle extraword576 with professionalism and skill.
EXTRAWORD577,I handle extraword577 with professionalism and skill.
EXTRAWORD578,I handle extraword578 with professionalism and skill.
EXTRAWORD579,I handle extraword579 with professionalism and skill.
EXTRAWORD580,I handle extraword580 with professionalism and skill.
EXTRAWORD581,I handle extraword581 with professionalism and skill.
EXTRAWORD582,I handle extraword582 with professionalism and skill.
EXTRAWORD583,I handle extraword583 with professionalism and skill.
EXTRAWORD584,I handle extraword584 with professionalism and skill.
EXTRAWORD585,I handle extraword585 with professionalism and skill.
EXTRAWORD586,I handle extraword586 with professionalism and skill.
EXTRAWORD587,I handle extraword587 with professionalism and skill.
EXTRAWORD588,I handle extraword588 with professionalism and skill.
EXTRAWORD589,I handle extraword589 with professionalism and skill.
EXTRAWORD590,I handle extraword590 with professionalism and skill.
EXTRAWORD591,I handle extraword591 with professionalism and skill.
EXTRAWORD592,I handle extraword592 with professionalism and skill.
EXTRAWORD593,I handle extraword593 with professionalism and skill.
EXTRAWORD594,I handle extraword594 with professionalism and skill.
EXTRAWORD595,I handle extraword595 with professionalism and skill.
EXTRAWORD596,I handle extraword596 with professionalism and skill.
EXTRAWORD597,I handle extraword597 with professionalism and skill.
EXTRAWORD598,I handle extraword598 with professionalism and skill.
EXTRAWORD599,I handle extraword599 with professionalism and skill.
EXTRAWORD600,I handle extraword600 with professionalism and skill.
EXTRAWORD601,I handle extraword601 with professionalism and skill.
EXTRAWORD602,I handle extraword602 with professionalism and skill.
EXTRAWORD603,I handle extraword603 with professionalism and skill.
EXTRAWORD604,I handle extraword604 with professionalism and skill.
EXTRAWORD605,I handle extraword605 with professionalism and skill.
EXTRAWORD606,I handle extraword606 with professionalism and skill.
EXTRAWORD607,I handle extraword607 with professionalism and skill.
EXTRAWORD608,I handle extraword608 with professionalism and skill.
EXTRAWORD609,I handle extraword609 with professionalism and skill.
EXTRAWORD610,I handle extraword610 with professionalism and skill.
EXTRAWORD611,I handle extraword611 with professionalism and skill.
EXTRAWORD612,I handle extraword612 with professionalism and skill.
EXTRAWORD613,I handle extraword613 with professionalism and skill.
EXTRAWORD614,I handle extraword614 with professionalism and skill.
EXTRAWORD615,I handle extraword615 with professionalism and skill.
EXTRAWORD616,I handle extraword616 with professionalism and skill.
EXTRAWORD617,I handle extraword617 with professionalism and skill.
EXTRAWORD618,I handle extraword618 with professionalism and skill.
EXTRAWORD619,I handle extraword619 with professionalism and skill.
EXTRAWORD620,I handle extraword620 with professionalism and skill.
EXTRAWORD621,I handle extraword621 with professionalism and skill.
EXTRAWORD622,I handle extraword622 with professionalism and skill.
EXTRAWORD623,I handle extraword623 with professionalism and skill.
EXTRAWORD624,I handle extraword624 with professionalism and skill.
EXTRAWORD625,I handle extraword625 with professionalism and skill.
EXTRAWORD626,I handle extraword626 with professionalism and skill.
EXTRAWORD627,I handle extraword627 with professionalism and skill.
EXTRAWORD628,I handle extraword628 with professionalism and skill.
EXTRAWORD629,I handle extraword629 with professionalism and skill.
EXTRAWORD630,I handle extraword630 with professionalism and skill.
EXTRAWORD631,I handle extraword631 with professionalism and skill.
EXTRAWORD632,I handle extraword632 with professionalism and skill.
EXTRAWORD633,I handle extraword633 with professionalism and skill.
EXTRAWORD634,I handle extraword634 with professionalism and skill.
EXTRAWORD635,I handle extraword635 with professionalism and skill.
EXTRAWORD636,I handle extraword636 with professionalism and skill.
EXTRAWORD637,I handle extraword637 with professionalism and skill.
EXTRAWORD638,I handle extraword638 with professionalism and skill.
EXTRAWORD639,I handle extraword639 with professionalism and skill.
EXTRAWORD640,I handle extraword640 with professionalism and skill.
EXTRAWORD641,I handle extraword641 with professionalism and skill.
EXTRAWORD642,I handle extraword642 with professionalism and skill.
EXTRAWORD643,I handle extraword643 with professionalism and skill.
EXTRAWORD644,I handle extraword644 with professionalism and skill.
EXTRAWORD645,I handle extraword645 with professionalism and skill.
EXTRAWORD646,I handle extraword646 with professionalism and skill.
EXTRAWORD647,I handle extraword647 with professionalism and skill.
EXTRAWORD648,I handle extraword648 with professionalism and skill.
EXTRAWORD649,I handle extraword649 with professionalism and skill.
EXTRAWORD650,I handle extraword650 with professionalism and skill.
EXTRAWORD651,I handle extraword651 with professionalism and skill.
EXTRAWORD652,I handle extraword652 with professionalism and skill.
EXTRAWORD653,I handle extraword653 with professionalism and skill.
EXTRAWORD654,I handle extraword654 with professionalism and skill.
EXTRAWORD655,I handle extraword655 with professionalism and skill.
EXTRAWORD656,I handle extraword656 with professionalism and skill.
EXTRAWORD657,I handle extraword657 with professionalism and skill.
EXTRAWORD658,I handle extraword658 with professionalism and skill.
EXTRAWORD659,I handle extraword659 with professionalism and skill.
EXTRAWORD660,I handle extraword660 with professionalism and skill.
EXTRAWORD661,I handle extraword661 with professionalism and skill.
EXTRAWORD662,I handle extraword662 with professionalism and skill.
EXTRAWORD663,I handle extraword663 with professionalism and skill.
EXTRAWORD664,I handle extraword664 with professionalism and skill.
EXTRAWORD665,I handle extraword665 with professionalism and skill.
EXTRAWORD666,I handle extraword666 with professionalism and skill.
EXTRAWORD667,I handle extraword667 with professionalism and skill.
EXTRAWORD668,I handle extraword668 with professionalism and skill.
EXTRAWORD669,I handle extraword669 with professionalism and skill.
EXTRAWORD670,I handle extraword670 with professionalism and skill.
EXTRAWORD671,I handle extraword671 with professionalism and skill.
EXTRAWORD672,I handle extraword672 with professionalism and skill.
EXTRAWORD673,I handle extraword673 with professionalism and skill.
EXTRAWORD674,I handle extraword674 with professionalism and skill.
EXTRAWORD675,I handle extraword675 with professionalism and skill.
EXTRAWORD676,I handle extraword676 with professionalism and skill.
EXTRAWORD677,I handle extraword677 with professionalism and skill.
EXTRAWORD678,I handle extraword678 with professionalism and skill.
EXTRAWORD679,I handle extraword679 with professionalism and skill.
EXTRAWORD680,I handle extraword680 with professionalism and skill.
EXTRAWORD681,I handle extraword681 with professionalism and skill.
EXTRAWORD682,I handle extraword682 with professionalism and skill.
EXTRAWORD683,I handle extraword683 with professionalism and skill.
EXTRAWORD684,I handle extraword684 with professionalism and skill.
EXTRAWORD685,I handle extraword685 with professionalism and skill.
EXTRAWORD686,I handle extraword686 with professionalism and skill.
EXTRAWORD687,I handle extraword687 with professionalism and skill.
EXTRAWORD688,I handle extraword688 with professionalism and skill.
EXTRAWORD689,I handle extraword689 with professionalism and skill.
EXTRAWORD690,I handle extraword690 with professionalism and skill.
EXTRAWORD691,I handle extraword691 with professionalism and skill.
EXTRAWORD692,I handle extraword692 with professionalism and skill.
EXTRAWORD693,I handle extraword693 with professionalism and skill.
EXTRAWORD694,I handle extraword694 with professionalism and skill.
EXTRAWORD695,I handle extraword695 with professionalism and skill.
EXTRAWORD696,I handle extraword696 with professionalism and skill.
EXTRAWORD697,I handle extraword697 with professionalism and skill.
EXTRAWORD698,I handle extraword698 with professionalism and skill.
EXTRAWORD699,I handle extraword699 with professionalism and skill.
EXTRAWORD700,I handle extraword700 with professionalism and skill.
EXTRAWORD701,I handle extraword701 with professionalism and skill.
EXTRAWORD702,I handle extraword702 with professionalism and skill.
EXTRAWORD703,I handle extraword703 with professionalism and skill.
EXTRAWORD704,I handle extraword704 with professionalism and skill.
EXTRAWORD705,I handle extraword705 with professionalism and skill.
EXTRAWORD706,I handle extraword706 with professionalism and skill.
EXTRAWORD707,I handle extraword707 with professionalism and skill.
EXTRAWORD708,I handle extraword708 with professionalism and skill.
EXTRAWORD709,I handle extraword709 with professionalism and skill.
EXTRAWORD710,I handle extraword710 with professionalism and skill.
EXTRAWORD711,I handle extraword711 with professionalism and skill.
EXTRAWORD712,I handle extraword712 with professionalism and skill.
EXTRAWORD713,I handle extraword713 with professionalism and skill.
EXTRAWORD714,I handle extraword714 with professionalism and skill.
EXTRAWORD715,I handle extraword715 with professionalism and skill.
EXTRAWORD716,I handle extraword716 with professionalism and skill.
EXTRAWORD717,I handle extraword717 with professionalism and skill.
EXTRAWORD718,I handle extraword718 with professionalism and skill.
EXTRAWORD719,I handle extraword719 with professionalism and skill.
EXTRAWORD720,I handle extraword720 with professionalism and skill.
EXTRAWORD721,I handle extraword721 with professionalism and skill.
EXTRAWORD722,I handle extraword722 with professionalism and skill.
EXTRAWORD723,I handle extraword723 with professionalism and skill.
EXTRAWORD724,I handle extraword724 with professionalism and skill.
EXTRAWORD725,I handle extraword725 with professionalism and skill.
EXTRAWORD726,I handle extraword726 with professionalism and skill.
EXTRAWORD727,I handle extraword727 with professionalism and skill.
EXTRAWORD728,I handle extraword728 with professionalism and skill.
EXTRAWORD729,I handle extraword729 with professionalism and skill.
EXTRAWORD730,I handle extraword730 with professionalism and skill.
EXTRAWORD731,I handle extraword731 with professionalism and skill.
EXTRAWORD732,I handle extraword732 with professionalism and skill.
EXTRAWORD733,I handle extraword733 with professionalism and skill.
EXTRAWORD734,I handle extraword734 with professionalism and skill.
EXTRAWORD735,I handle extraword735 with professionalism and skill.
EXTRAWORD736,I handle extraword736 with professionalism and skill.
EXTRAWORD737,I handle extraword737 with professionalism and skill.
EXTRAWORD738,I handle extraword738 with professionalism and skill.
EXTRAWORD739,I handle extraword739 with professionalism and skill.
EXTRAWORD740,I handle extraword740 with professionalism and skill.
EXTRAWORD741,I handle extraword741 with professionalism and skill.
EXTRAWORD742,I handle extraword742 with professionalism and skill.
EXTRAWORD743,I handle extraword743 with professionalism and skill.
EXTRAWORD744,I handle extraword744 with professionalism and skill.
EXTRAWORD745,I handle extraword745 with professionalism and skill.
EXTRAWORD746,I handle extraword746 with professionalism and skill.
EXTRAWORD747,I handle extraword747 with professionalism and skill.
EXTRAWORD748,I handle extraword748 with professionalism and skill.
EXTRAWORD749,I handle extraword749 with professionalism and skill.
EXTRAWORD750,I handle extraword750 with professionalism and skill.
EXTRAWORD751,I handle extraword751 with professionalism and skill.
EXTRAWORD752,I handle extraword752 with professionalism and skill.
EXTRAWORD753,I handle extraword753 with professionalism and skill.
EXTRAWORD754,I handle extraword754 with professionalism and skill.
EXTRAWORD755,I handle extraword755 with professionalism and skill.
EXTRAWORD756,I handle extraword756 with professionalism and skill.
EXTRAWORD757,I handle extraword757 with professionalism and skill.
EXTRAWORD758,I handle extraword758 with professionalism and skill.
EXTRAWORD759,I handle extraword759 with professionalism and skill.
EXTRAWORD760,I handle extraword760 with professionalism and skill.
EXTRAWORD761,I handle extraword761 with professionalism and skill.
EXTRAWORD762,I handle extraword762 with professionalism and skill.
EXTRAWORD763,I handle extraword763 with professionalism and skill.
EXTRAWORD764,I handle extraword764 with professionalism and skill.
EXTRAWORD765,I handle extraword765 with professionalism and skill.
EXTRAWORD766,I handle extraword766 with professionalism and skill.
EXTRAWORD767,I handle extraword767 with professionalism and skill.
EXTRAWORD768,I handle extraword768 with professionalism and skill.
EXTRAWORD769,I handle extraword769 with professionalism and skill.
EXTRAWORD770,I handle extraword770 with professionalism and skill.
EXTRAWORD771,I handle extraword771 with professionalism and skill.
EXTRAWORD772,I handle extraword772 with professionalism and skill.
EXTRAWORD773,I handle extraword773 with professionalism and skill.
EXTRAWORD774,I handle extraword774 with professionalism and skill.
EXTRAWORD775,I handle extraword775 with professionalism and skill.
EXTRAWORD776,I handle extraword776 with professionalism and skill.
EXTRAWORD777,I handle extraword777 with professionalism and skill.
EXTRAWORD778,I handle extraword778 with professionalism and skill.
EXTRAWORD779,I handle extraword779 with professionalism and skill.
EXTRAWORD780,I handle extraword780 with professionalism and skill.
EXTRAWORD781,I handle extraword781 with professionalism and skill.
EXTRAWORD782,I handle extraword782 with professionalism and skill.
EXTRAWORD783,I handle extraword783 with professionalism and skill.
EXTRAWORD784,I handle extraword784 with professionalism and skill.
EXTRAWORD785,I handle extraword785 with professionalism and skill.
EXTRAWORD786,I handle extraword786 with professionalism and skill.
EXTRAWORD787,I handle extraword787 with professionalism and skill.
EXTRAWORD788,I handle extraword788 with professionalism and skill.
EXTRAWORD789,I handle extraword789 with professionalism and skill.
EXTRAWORD790,I handle extraword790 with professionalism and skill.
EXTRAWORD791,I handle extraword791 with professionalism and skill.
EXTRAWORD792,I handle extraword792 with professionalism and skill.
EXTRAWORD793,I handle extraword793 with professionalism and skill.
EXTRAWORD794,I handle extraword794 with professionalism and skill.
EXTRAWORD795,I handle extraword795 with professionalism and skill.
EXTRAWORD796,I handle extraword796 with professionalism and skill.
EXTRAWORD797,I handle extraword797 with professionalism and skill.
EXTRAWORD798,I handle extraword798 with professionalism and skill.
EXTRAWORD799,I handle extraword799 with professionalism and skill.
EXTRAWORD800,I handle extraword800 with professionalism and skill.
EXTRAWORD801,I handle extraword801 with professionalism and skill.
EXTRAWORD802,I handle extraword802 with professionalism and skill.
EXTRAWORD803,I handle extraword803 with professionalism and skill.
EXTRAWORD804,I handle extraword804 with professionalism and skill.
EXTRAWORD805,I handle extraword805 with professionalism and skill.
EXTRAWORD806,I handle extraword806 with professionalism and skill.
EXTRAWORD807,I handle extraword807 with professionalism and skill.
EXTRAWORD808,I handle extraword808 with professionalism and skill.
EXTRAWORD809,I handle extraword809 with professionalism and skill.
EXTRAWORD810,I handle extraword810 with professionalism and skill.
EXTRAWORD811,I handle extraword811 with professionalism and skill.
EXTRAWORD812,I handle extraword812 with professionalism and skill.
EXTRAWORD813,I handle extraword813 with professionalism and skill.
EXTRAWORD814,I handle extraword814 with professionalism and skill.
EXTRAWORD815,I handle extraword815 with professionalism and skill.
EXTRAWORD816,I handle extraword816 with professionalism and skill.
EXTRAWORD817,I handle extraword817 with professionalism and skill.
EXTRAWORD818,I handle extraword818 with professionalism and skill.
EXTRAWORD819,I handle extraword819 with professionalism and skill.
EXTRAWORD820,I handle extraword820 with professionalism and skill.
EXTRAWORD821,I handle extraword821 with professionalism and skill.
EXTRAWORD822,I handle extraword822 with professionalism and skill.
EXTRAWORD823,I handle extraword823 with professionalism and skill.
EXTRAWORD824,I handle extraword824 with professionalism and skill.
EXTRAWORD825,I handle extraword825 with professionalism and skill.
EXTRAWORD826,I handle extraword826 with professionalism and skill.
EXTRAWORD827,I handle extraword827 with professionalism and skill.
EXTRAWORD828,I handle extraword828 with professionalism and skill.
EXTRAWORD829,I handle extraword829 with professionalism and skill.
EXTRAWORD830,I handle extraword830 with professionalism and skill.
EXTRAWORD831,I handle extraword831 with professionalism and skill.
EXTRAWORD832,I handle extraword832 with professionalism and skill.
EXTRAWORD833,I handle extraword833 with professionalism and skill.
EXTRAWORD834,I handle extraword834 with professionalism and skill.
EXTRAWORD835,I handle extraword835 with professionalism and skill.
EXTRAWORD836,I handle extraword836 with professionalism and skill.
EXTRAWORD837,I handle extraword837 with professionalism and skill.
EXTRAWORD838,I handle extraword838 with professionalism and skill.
EXTRAWORD839,I handle extraword839 with professionalism and skill.
EXTRAWORD840,I handle extraword840 with professionalism and skill.
EXTRAWORD841,I handle extraword841 with professionalism and skill.
EXTRAWORD842,I handle extraword842 with professionalism and skill.
EXTRAWORD843,I handle extraword843 with professionalism and skill.
EXTRAWORD844,I handle extraword844 with professionalism and skill.
EXTRAWORD845,I handle extraword845 with professionalism and skill.
EXTRAWORD846,I handle extraword846 with professionalism and skill.
EXTRAWORD847,I handle extraword847 with professionalism and skill.
EXTRAWORD848,I handle extraword848 with professionalism and skill.
EXTRAWORD849,I handle extraword849 with professionalism and skill.
EXTRAWORD850,I handle extraword850 with professionalism and skill.
EXTRAWORD851,I handle extraword851 with professionalism and skill.
EXTRAWORD852,I handle extraword852 with professionalism and skill.
EXTRAWORD853,I handle extraword853 with professionalism and skill.
EXTRAWORD854,I handle extraword854 with professionalism and skill.
EXTRAWORD855,I handle extraword855 with professionalism and skill.
EXTRAWORD856,I handle extraword856 with professionalism and skill.
EXTRAWORD857,I handle extraword857 with professionalism and skill.
EXTRAWORD858,I handle extraword858 with professionalism and skill.
EXTRAWORD859,I handle extraword859 with professionalism and skill.
EXTRAWORD860,I handle extraword860 with professionalism and skill.
EXTRAWORD861,I handle extraword861 with professionalism and skill.
EXTRAWORD862,I handle extraword862 with professionalism and skill.
EXTRAWORD863,I handle extraword863 with professionalism and skill.
EXTRAWORD864,I handle extraword864 with professionalism and skill.
EXTRAWORD865,I handle extraword865 with professionalism and skill.
EXTRAWORD866,I handle extraword866 with professionalism and skill.
EXTRAWORD867,I handle extraword867 with professionalism and skill.
EXTRAWORD868,I handle extraword868 with professionalism and skill.
EXTRAWORD869,I handle extraword869 with professionalism and skill.
EXTRAWORD870,I handle extraword870 with professionalism and skill.
EXTRAWORD871,I handle extraword871 with professionalism and skill.
EXTRAWORD872,I handle extraword872 with professionalism and skill.
EXTRAWORD873,I handle extraword873 with professionalism and skill.
EXTRAWORD874,I handle extraword874 with professionalism and skill.
EXTRAWORD875,I handle extraword875 with professionalism and skill.
EXTRAWORD876,I handle extraword876 with professionalism and skill.
EXTRAWORD877,I handle extraword877 with professionalism and skill.
EXTRAWORD878,I handle extraword878 with professionalism and skill.
EXTRAWORD879,I handle extraword879 with professionalism and skill.
EXTRAWORD880,I handle extraword880 with professionalism and skill.
EXTRAWORD881,I handle extraword881 with professionalism and skill.
EXTRAWORD882,I handle extraword882 with professionalism and skill.
EXTRAWORD883,I handle extraword883 with professionalism and skill.
EXTRAWORD884,I handle extraword884 with professionalism and skill.
EXTRAWORD885,I handle extraword885 with professionalism and skill.
EXTRAWORD886,I handle extraword886 with professionalism and skill.
EXTRAWORD887,I handle extraword887 with professionalism and skill.
EXTRAWORD888,I handle extraword888 with professionalism and skill.
EXTRAWORD889,I handle extraword889 with professionalism and skill.
EXTRAWORD890,I handle extraword890 with professionalism and skill.
EXTRAWORD891,I handle extraword891 with professionalism and skill.
EXTRAWORD892,I handle extraword892 with professionalism and skill.
EXTRAWORD893,I handle extraword893 with professionalism and skill.
EXTRAWORD894,I handle extraword894 with professionalism and skill.
EXTRAWORD895,I handle extraword895 with professionalism and skill.
EXTRAWORD896,I handle extraword896 with professionalism and skill.
EXTRAWORD897,I handle extraword897 with professionalism and skill.
EXTRAWORD898,I handle extraword898 with professionalism and skill.
EXTRAWORD899,I handle extraword899 with professionalism and skill.
EXTRAWORD900,I handle extraword900 with professionalism and skill.
EXTRAWORD901,I handle extraword901 with professionalism and skill.
EXTRAWORD902,I handle extraword902 with professionalism and skill.
EXTRAWORD903,I handle extraword903 with professionalism and skill.
EXTRAWORD904,I handle extraword904 with professionalism and skill.
EXTRAWORD905,I handle extraword905 with professionalism and skill.
EXTRAWORD906,I handle extraword906 with professionalism and skill.
EXTRAWORD907,I handle extraword907 with professionalism and skill.
EXTRAWORD908,I handle extraword908 with professionalism and skill.
EXTRAWORD909,I handle extraword909 with professionalism and skill.
EXTRAWORD910,I handle extraword910 with professionalism and skill.
EXTRAWORD911,I handle extraword911 with professionalism and skill.
EXTRAWORD912,I handle extraword912 with professionalism and skill.
EXTRAWORD913,I handle extraword913 with professionalism and skill.
EXTRAWORD914,I handle extraword914 with professionalism and skill.
EXTRAWORD915,I handle extraword915 with professionalism and skill.
EXTRAWORD916,I handle extraword916 with professionalism and skill.
EXTRAWORD917,I handle extraword917 with professionalism and skill.
EXTRAWORD918,I handle extraword918 with professionalism and skill.
EXTRAWORD919,I handle extraword919 with professionalism and skill.
EXTRAWORD920,I handle extraword920 with professionalism and skill.
EXTRAWORD921,I handle extraword921 with professionalism and skill.
EXTRAWORD922,I handle extraword922 with professionalism and skill.
EXTRAWORD923,I handle extraword923 with professionalism and skill.
EXTRAWORD924,I handle extraword924 with professionalism and skill.
EXTRAWORD925,I handle extraword925 with professionalism and skill.
EXTRAWORD926,I handle extraword926 with professionalism and skill.
EXTRAWORD927,I handle extraword927 with professionalism and skill.
EXTRAWORD928,I handle extraword928 with professionalism and skill.
EXTRAWORD929,I handle extraword929 with professionalism and skill.
EXTRAWORD930,I handle extraword930 with professionalism and skill.
EXTRAWORD931,I handle extraword931 with professionalism and skill.
EXTRAWORD932,I handle extraword932 with professionalism and skill.
EXTRAWORD933,I handle extraword933 with professionalism and skill.
EXTRAWORD934,I handle extraword934 with professionalism and skill.
EXTRAWORD935,I handle extraword935 with professionalism and skill.
EXTRAWORD936,I handle extraword936 with professionalism and skill.
EXTRAWORD937,I handle extraword937 with professionalism and skill.
EXTRAWORD938,I handle extraword938 with professionalism and skill.
EXTRAWORD939,I handle extraword939 with professionalism and skill.
EXTRAWORD940,I handle extraword940 with professionalism and skill.
EXTRAWORD941,I handle extraword941 with professionalism and skill.
EXTRAWORD942,I handle extraword942 with professionalism and skill.
EXTRAWORD943,I handle extraword943 with professionalism and skill.
EXTRAWORD944,I handle extraword944 with professionalism and skill.
EXTRAWORD945,I handle extraword945 with professionalism and skill.
EXTRAWORD946,I handle extraword946 with professionalism and skill.
EXTRAWORD947,I handle extraword947 with professionalism and skill.
EXTRAWORD948,I handle extraword948 with professionalism and skill.
EXTRAWORD949,I handle extraword949 with professionalism and skill.
EXTRAWORD950,I handle extraword950 with professionalism and skill.
EXTRAWORD951,I handle extraword951 with professionalism and skill.
EXTRAWORD952,I handle extraword952 with professionalism and skill.
EXTRAWORD953,I handle extraword953 with professionalism and skill.
EXTRAWORD954,I handle extraword954 with professionalism and skill.
EXTRAWORD955,I handle extraword955 with professionalism and skill.
EXTRAWORD956,I handle extraword956 with professionalism and skill.
EXTRAWORD957,I handle extraword957 with professionalism and skill.
EXTRAWORD958,I handle extraword958 with professionalism and skill.
EXTRAWORD959,I handle extraword959 with professionalism and skill.
EXTRAWORD960,I handle extraword960 with professionalism and skill.
EXTRAWORD961,I handle extraword961 with professionalism and skill.
EXTRAWORD962,I handle extraword962 with professionalism and skill.
EXTRAWORD963,I handle extraword963 with professionalism and skill.
EXTRAWORD964,I handle extraword964 with professionalism and skill.
EXTRAWORD965,I handle extraword965 with professionalism and skill.
EXTRAWORD966,I handle extraword966 with professionalism and skill.
EXTRAWORD967,I handle extraword967 with professionalism and skill.
EXTRAWORD968,I handle extraword968 with professionalism and skill.
EXTRAWORD969,I handle extraword969 with professionalism and skill.
EXTRAWORD970,I handle extraword970 with professionalism and skill.
EXTRAWORD971,I handle extraword971 with professionalism and skill.
EXTRAWORD972,I handle extraword972 with professionalism and skill.
EXTRAWORD973,I handle extraword973 with professionalism and skill.
EXTRAWORD974,I handle extraword974 with professionalism and skill.
EXTRAWORD975,I handle extraword975 with professionalism and skill.
EXTRAWORD976,I handle extraword976 with professionalism and skill.
EXTRAWORD977,I handle extraword977 with professionalism and skill.
EXTRAWORD978,I handle extraword978 with professionalism and skill.
EXTRAWORD979,I handle extraword979 with professionalism and skill.
EXTRAWORD980,I handle extraword980 with professionalism and skill.
EXTRAWORD981,I handle extraword981 with professionalism and skill.
EXTRAWORD982,I handle extraword982 with professionalism and skill.
EXTRAWORD983,I handle extraword983 with professionalism and skill.
EXTRAWORD984,I handle extraword984 with professionalism and skill.
EXTRAWORD985,I handle extraword985 with professionalism and skill.
EXTRAWORD986,I handle extraword986 with professionalism and skill.
EXTRAWORD987,I handle extraword987 with professionalism and skill.
EXTRAWORD988,I handle extraword988 with professionalism and skill.
EXTRAWORD989,I handle extraword989 with professionalism and skill.
EXTRAWORD990,I handle extraword990 with professionalism and skill.
EXTRAWORD991,I handle extraword991 with professionalism and skill.
EXTRAWORD992,I handle extraword992 with professionalism and skill.
EXTRAWORD993,I handle extraword993 with professionalism and skill.
EXTRAWORD994,I handle extraword994 with professionalism and skill.
EXTRAWORD995,I handle extraword995 with professionalism and skill.
EXTRAWORD996,I handle extraword996 with professionalism and skill.
EXTRAWORD997,I handle extraword997 with professionalism and skill.
EXTRAWORD998,I handle extraword998 with professionalism and skill.
EXTRAWORD999,I handle extraword999 with professionalism and skill.
