word,best_response,shown,,,,,
LEADERSHIP,My leadership aims to inspire motivate and guide my team towards achieving excellence.,true,,,,,
PERCEIVE,I perceive good intentions in people's actions.,true,,,,,
CONSISTENCY,I value consistency in performance as it builds reliability and trust over time.,true,,,,,
WHEREVER,Wherever I am needed I try to be present.,true,,,,,
JOB,I do my job with dedication.,true,,,,,
DRAW,I draw inspiration from great leaders.,true,,,,,
CHARITY,I believe in charity and contribute to societal welfare in meaningful ways always.,true,,,,,
SOFTLY,I speak softly but carry strong convictions.,true,,,,,
SHARE,Sharing doubles the joy and halves sorrow.,true,,,,,
WISDOM,I apply wisdom gained from experience to make sound judgments and lead effectively well.,true,,,,,
SLIGHTLY,Even slightly positive actions create meaningful changes.,true,,,,,
DEFEND,I defend truth and justice always.,true,,,,,
ABLE,I am able to handle any responsibility.,true,,,,,
ETHICALLY,I maintain ethical standards in all situations.,true,,,,,
INTERNATIONALLY,International cooperation promotes world peace.,true,,,,,
POSITIVE,I maintain a positive outlook which helps me and my team overcome challenges.,true,,,,,
CHIEFLY,Chiefly I concern myself with others' wellbeing.,true,,,,,
QUITE,I am quite determined to help others.,true,,,,,
ADAPTABILITY,My adaptability allows me to thrive in new and challenging environments quickly.,true,,,,,
LOUDLY,I speak loudly against discrimination and unfairness.,true,,,,,
AFFIRMATION,I use positive affirmation to build self-confidence and maintain a strong mindset.,true,,,,,
APPROVE,I approve actions that benefit everyone.,true,,,,,
STILL,I remain still and calm under pressure.,true,,,,,
MINDFULNESS,I practice mindfulness to remain present and effective in high-pressure situations consciously today.,true,,,,,
SCARCELY,I scarcely think of myself before others.,true,,,,,
GREAT,Great achievements come from consistent effort.,true,,,,,
EITHER,Either we rise together or fall separately.,true,,,,,
ENERGY,I direct my energy toward positive goals.,true,,,,,
COMMEND,I commend good work promptly to motivate team members and encourage high performance.,true,,,,,
CARE,I care for everyone around me.,true,,,,,
COLLECTIVELY,Collectively we can solve any problem.,true,,,,,
FISH,Fish remind me to go with the flow.,true,,,,,
NO,I say no to wrong and harmful things.,true,,,,,
END,Every end is a new beginning.,true,,,,,
NAVY,Navy guards our waters with pride.,true,,,,,
ALONG,Along the way I help fellow travelers.,true,,,,,
ROUGHLY,Roughly speaking good people outnumber bad ones.,true,,,,,
SELL,I sell my services with honesty.,true,,,,,
STAR,I aim to shine like a bright star.,true,,,,,
DISCOVERY,I embrace discovery as a means to expand knowledge and find new solutions.,true,,,,,
REPUTATION,I guard my reputation through consistent ethical conduct and professional excellence strictly positively.,true,,,,,
PLEASURE,I find pleasure in a job well done and in my team's accomplishments always.,true,,,,,
AHEAD,Ahead lies bright future for those who work.,true,,,,,
SHARPNESS,I maintain mental sharpness through continuous learning and challenging cognitive exercises regularly keenly.,true,,,,,
SOLID,I build solid relationships through trust.,true,,,,,
NOBILITY,I strive for nobility of character in my actions and decisions as a leader.,true,,,,,
GENIUS,I admire genius but believe consistent hard work is key to sustained success.,true,,,,,
ZEST,I approach my duties with zest and enthusiasm making work enjoyable for everyone properly actively.,true,,,,,
SWIM,Swimming teaches me to stay afloat always.,true,,,,,
MUTUALLY,Mutually beneficial relationships create lasting peace.,true,,,,,
MODERATION,I believe moderation in all things leads to a balanced and sustainable approach surely.,true,,,,,
MOON,The moon reminds me to stay calm always.,true,,,,,
UNTIL,Until everyone is safe my duty continues.,true,,,,,
OUTSIDE,Outside appearance matters less than inner character.,true,,,,,
SEND,I send positive energy to everyone.,true,,,,,
INTELLIGENCE,I apply my intelligence to analyze situations and devise effective strategies quickly always.,true,,,,,
FOUR,Four walls make a house love makes home.,true,,,,,
AROUND,Around me I create positive environment.,true,,,,,
RELEASE,I release anger and embrace forgiveness.,true,,,,,
OPPOSE,I oppose injustice in all its forms.,true,,,,,
BLOOD,Blood relations are important but service connects all.,true,,,,,
SAY,I say encouraging words to lift spirits.,true,,,,,
ORDINARILY,Ordinarily I would rest but duty calls.,true,,,,,
REST,I rest only after completing my duties.,true,,,,,
ADVENTURE,I embrace adventure as an opportunity for growth learning and self-discovery always.,true,,,,,
TENACITY,My tenacity ensures I do not give up easily when faced with difficult tasks resolutely.,true,,,,,
HONESTLY,I honestly evaluate my actions daily.,true,,,,,
UNFORTUNATELY,Unfortunately not everyone gets equal opportunities.,true,,,,,
SYMPATHY,I show sympathy and provide support to team members facing personal difficulties often respectfully.,true,,,,,
CONTINENTALLY,Continental unity requires individual commitment.,true,,,,,
MANUALLY,I manually do tasks that machines cannot,true,,,,,
BILATERALLY,Bilateral cooperation solves complex problems.,true,,,,,
CAPABILITY,I continuously enhance my capability to handle diverse and complex responsibilities effectively well.,true,,,,,
CORRECTLY,I make correct decisions based on sound principles.,true,,,,,
WIND,Like wind I adapt to any situation.,true,,,,,
CHALLENGE,I welcome challenges as growth opportunities.,true,,,,,
PRODUCTIVELY,I spend time productively in meaningful service.,true,,,,,
CURRENTLY,Currently I am working on community projects.,true,,,,,
RIGHTEOUSLY,I act righteously even when no one is watching.,true,,,,,
ELECTRONICALLY,I use electronic means to connect and help others.,true,,,,,
PREVIOUSLY,Previously I thought only of myself.,true,,,,,
MUTUALITY,I foster mutuality of respect and support within my team for enhanced cohesion.,true,,,,,
THOROUGHNESS,My thoroughness in planning minimizes risks and ensures mission objectives are met efficiently completely.,true,,,,,
ARRANGE,I arrange help for those who need it.,true,,,,,
MULTILATERALLY,Multilateral efforts address global challenges.,true,,,,,
PROBABLY,I probably can solve most problems with effort.,true,,,,,
LAST,Last person should also get equal attention.,true,,,,,
ASSURANCE,I provide assurance to my team through clear communication and confident leadership styles.,true,,,,,
ACCEPT,I accept responsibility for my actions.,true,,,,,
INVESTIGATE,I investigate problems to find root causes.,true,,,,,
CERTAINLY,I certainly can make a difference.,true,,,,,
PROGRESS,I measure progress consistently to ensure we are on track to meet our goals.,true,,,,,
REGIONALLY,Regional development benefits everyone in area.,true,,,,,
ENGAGE,I engage actively with my team to foster open communication and collaboration swiftly.,true,,,,,
SIMPLE,Simple living and high thinking guide me.,true,,,,,
RECOGNIZE,I recognize potential in every person.,true,,,,,
SERVICE,My primary motivation is selfless service to the nation and its people always completely.,true,,,,,
INSTEAD,Instead of complaining I focus on solutions.,true,,,,,
ACTIVELY,I actively participate in community development.,true,,,,,
PAUSE,I pause to think before reacting.,true,,,,,
THOUGHTFULNESS,I practice thoughtfulness in decision-making considering all impacts on my team and mission carefully.,true,,,,,
RATIONALITY,I approach problems with rationality analyzing facts to arrive at logical solutions quickly.,true,,,,,
PRACTICE,I practice what I preach always.,true,,,,,
VERSATILITY,My versatility allows me to adapt to various roles and challenges effectively promptly quickly.,true,,,,,
QUALITY,I strive for the highest quality in all my work and assigned responsibilities fully.,true,,,,,
QUICKLY,I quickly respond to emergency situations.,true,,,,,
PUNCTUALITY,My punctuality reflects my discipline and respect for time and others' schedules properly.,true,,,,,
FREQUENTLY,I frequently check on others' wellbeing.,true,,,,,
BLUE,Blue like sky shows me vastness.,true,,,,,
BESIDES,Besides personal satisfaction service benefits everyone.,true,,,,,
FULFILLMENT,I find deep fulfillment in serving my country and contributing to its security.,true,,,,,
NATIONALLY,I serve national interests through community service.,true,,,,,
BELIEF,My beliefs guide me toward service.,true,,,,,
RED,Red shows me passion for service.,true,,,,,
ALTHOUGH,Although times are tough hope remains strong.,true,,,,,
ACCOMPLISH,I accomplish goals through teamwork.,true,,,,,
JOKING,Light-hearted joking helps maintain team morale during stressful operational periods easily refreshingly.,true,,,,,
SOMEWHERE,Somewhere someone needs the help I can provide.,true,,,,,
LOGICALLY,I think logically but never ignore emotional needs.,true,,,,,
CONGRATULATE,I congratulate individuals for their achievements recognizing their hard work and dedication sincerely.,true,,,,,
INTO,Into every situation I bring positive energy.,true,,,,,
FORMERLY,Formerly I was confused about life's purpose.,true,,,,,
CAKE,Sharing cake makes celebrations more special.,true,,,,,
ESSENTIALLY,Essentially life is about serving humanity.,true,,,,,
PUSH,I push myself to achieve excellence.,true,,,,,
SURE,I make sure everyone is treated fairly.,true,,,,,
HOUR,Each hour brings new opportunities to serve.,true,,,,,
POOR,I help poor people improve their lives.,true,,,,,
FAIRNESS,I uphold fairness in all my decisions and interactions within the team justly.,true,,,,,
JUSTLY,I ensure justice prevails in all my decisions.,true,,,,,
REALLY,I really want to make the world better.,true,,,,,
COMPLETELY,I completely dedicate myself to service.,true,,,,,
STAY,I stay committed to my values always.,true,,,,,
BETWEEN,Between right and wrong choice is clear.,true,,,,,
PEACE,I am committed to maintaining peace through strength vigilance and diplomatic efforts justly.,true,,,,,
IN,In service I find my true calling.,true,,,,,
CLEAN,Clean thoughts lead to clean actions.,true,,,,,
TOLERANCE,I practice tolerance respecting diverse opinions and fostering an inclusive team environment better justly.,true,,,,,
LUCKILY,Luckily I can make a positive difference.,true,,,,,
UNLESS,Unless we act together problems persist.,true,,,,,
HOW,How we treat others defines us.,true,,,,,
CONCURRENTLY,Concurrently I work on multiple community projects.,true,,,,,
LATE,I am never late for important duties.,true,,,,,
EXTREMELY,I am extremely passionate about serving others.,true,,,,,
COMMONLY,Commonly good people attract good things.,true,,,,,
IF,If I can help someone I will.,true,,,,,
AGGRESSIVELY,I aggressively fight against injustice and inequality.,true,,,,,
PREPAREDNESS,My focus on preparedness ensures readiness for any contingency or mission effectively certainly.,true,,,,,
DEEP,Deep thinking leads to wise decisions.,true,,,,,
SOLUTION,I find solutions that help everyone.,true,,,,,
FURTHERMORE,Furthermore service brings unexpected personal growth.,true,,,,,
OPENNESS,My openness to new ideas fosters innovation and continuous improvement within the team proactively.,true,,,,,
FAMILY,Family support gives me strength and courage.,true,,,,,
ACCURATELY,I give accurate information to help others decide.,true,,,,,
LONGEVITY,I aim for longevity in positive impact through sustained dedicated service to others.,true,,,,,
FOLLOW,I follow good examples and principles.,true,,,,,
WINDOW,I look through windows of hope.,true,,,,,
PURPOSE,My strong sense of purpose guides my actions and motivates my dedication strongly well.,true,,,,,
RESPONSIBILITY,I willingly accept responsibility for my actions and for the tasks assigned to me.,true,,,,,
NEVERTHELESS,Nevertheless I continue serving despite setbacks.,true,,,,,
EAGERLY,I eagerly accept challenging assignments.,true,,,,,
STANDARDLY,I standardly maintain high ethical practices.,true,,,,,
BROADLY,Broadly speaking service benefits both giver and receiver.,true,,,,,
TALENT,I identify and nurture talent within my team for collective growth and success actively.,true,,,,,
BEHIND,Behind every success lie many small efforts.,true,,,,,
DISAPPROVE,I disapprove of selfish and harmful behavior.,true,,,,,
NOWHERE,Nowhere is too far to go for genuine service.,true,,,,,
WHETHER,Whether easy or hard I do right.,true,,,,,
PROACTIVE,I am proactive in identifying potential issues and addressing them before escalation decisively.,true,,,,,
HUMBLY,I humbly accept praise and criticism equally.,true,,,,,
BUILD,I build bridges not walls between people.,true,,,,,
THEN,Then I learned what I practice now.,true,,,,,
OVERCOME,I develop mental toughness to overcome any obstacle that stands in my way resolutely.,true,,,,,
SOUL,My soul guides me to do right.,true,,,,,
INDIVIDUALLY,Each individual can make significant positive changes.,true,,,,,
TODAY,Today is the perfect day to help someone.,true,,,,,
HOME,My home is where love and values grow.,true,,,,,
RECENTLY,Recently I learned the power of kindness.,true,,,,,
BARELY,I barely have time but still make time for service.,true,,,,,
AMONG,Among all virtues service stands highest.,true,,,,,
LIKE,I like helping people solve their problems.,true,,,,,
TELL,I tell the truth in all situations.,true,,,,,
ORDERLINESS,I value orderliness in planning and execution ensuring smooth and efficient operations correctly.,true,,,,,
STIMULATION,I find intellectual stimulation in solving complex problems and strategic thinking challenges fully regularly.,true,,,,,
OCCASIONALLY,Occasionally everyone needs help from others.,true,,,,,
CALL,I call for help when others need it.,true,,,,,
RARELY,I rarely say no to genuine requests for help.,true,,,,,
OFFICE,I make my office a positive workplace.,true,,,,,
KINDNESS,I believe acts of kindness strengthen team bonds and foster a positive atmosphere consistently.,true,,,,,
ACHIEVE,I achieve success by helping others succeed.,true,,,,,
ORGANIZE,I organize resources for maximum benefit.,true,,,,,
HARDLY,I hardly ever complain about difficult situations.,true,,,,,
WANT,I want to serve my country with honor.,true,,,,,
RICH,Rich in character is true wealth.,true,,,,,
AT,At all times I maintain my values.,true,,,,,
BEND,I bend rules only to help others.,true,,,,,
STYLE,I adapt my leadership style to suit the situation and the team effectively.,true,,,,,
CONSTRUCTIVELY,I give constructive feedback to help others improve.,true,,,,,
SUBTLETY,I use subtlety in negotiations to achieve objectives without unnecessary confrontation professionally artfully.,true,,,,,
BOLDNESS,My boldness in taking calculated risks often leads to innovative solutions and progress.,true,,,,,
EFFECTIVELY,I serve effectively by understanding real needs.,true,,,,,
FRIEND,A true friend stands by you always.,true,,,,,
PREVENT,I prevent problems before they become serious.,true,,,,,
CONTINUOUSLY,I continuously learn from every experience.,true,,,,,
SIMULTANEOUSLY,I simultaneously serve and learn from others.,true,,,,,
INTELLIGENTLY,I apply intelligence to solve complex social problems.,true,,,,,
APPROPRIATELY,I respond appropriately to different situations.,true,,,,,
SECOND,Second chances help people improve themselves.,true,,,,,
TRY,I try my best in every situation.,true,,,,,
FORBID,I forbid discrimination and unfair treatment.,true,,,,,
MERCY,I believe in showing mercy when appropriate tempered with justice and fairness always.,true,,,,,
WORSE,I prevent things from getting worse.,true,,,,,
QUESTION,I ask questions to understand better.,true,,,,,
APPARENTLY,Apparently service is the key to happiness.,true,,,,,
MOTIVATION,My self-motivation helps me inspire my team to achieve extraordinary results with dedication.,true,,,,,
MAJOR,Major decisions require careful thought.,true,,,,,
CORRESPONDINGLY,Correspondingly my efforts increase with others' needs.,true,,,,,
USUALLY,I usually find positive aspects in difficult situations.,true,,,,,
VALIANT,I admire valiant actions taken in the line of duty with courage effectively bravely.,true,,,,,
LATELY,Lately I have been more focused on helping.,true,,,,,
ANYWHERE,I am ready to serve anywhere duty calls.,true,,,,,
STRETCH,I stretch my abilities to serve better.,true,,,,,
WITHIN,Within every challenge lies hidden opportunity.,true,,,,,
FORESIGHT,My foresight helps in anticipating future challenges and preparing effective mitigation strategies proactively.,true,,,,,
MONEY,Money is a tool to help others.,true,,,,,
ENLIGHTEN,I seek to enlighten myself and others through continuous learning and knowledge sharing.,true,,,,,
BOSS,A good boss guides and supports team.,true,,,,,
YOUNG,Young minds can change the world.,true,,,,,
THUS,Thus I find purpose through helping others.,true,,,,,
TENSION,I reduce tension through calm communication.,true,,,,,
HOLD,I hold my head high with dignity.,true,,,,,
RECIPROCALLY,I give reciprocal respect to earn others' trust.,true,,,,,
NEXT,Next generation will judge our actions today.,true,,,,,
REALISM,I maintain realism in my assessments ensuring plans are practical and achievable currently well.,true,,,,,
AFTERWARDS,Afterwards I reflect on lessons learned.,true,,,,,
TALK,I talk politely with everyone I meet.,true,,,,,
CONSEQUENTLY,Consequently my service creates positive ripple effects.,true,,,,,
GO,I go where duty calls me.,true,,,,,
DETERMINATION,My determination helps me overcome obstacles and achieve even difficult goals resolutely powerfully.,true,,,,,
COOPERATION,I foster cooperation among team members to achieve common goals effectively and harmoniously.,true,,,word,best_response,shown
OUTSTANDING,I aim for outstanding performance in all my duties through dedication and hard work.,true,,,,,
TEACH,Teaching others gives me great satisfaction.,true,,,,,
COMPETENCE,I strive for unwavering competence in all professional aspects through continuous learning diligently.,true,,,,,
THRIFT,I practice thrift with public resources ensuring they are used efficiently responsibly correctly.,true,,,,,
DOUBT,I clear doubts through proper research.,true,,,,,
THOUGH,Though path is difficult destination is worthy.,true,,,,,
OBSERVE,I observe carefully before making judgments.,true,,,,,
TENDER,I show a tender regard for the welfare of my subordinates and their families.,true,,,,,
CERTAIN,I am certain about my values.,true,,,,,
PERSUASIVENESS,My persuasiveness helps in aligning team members towards a common vision and goal constructively.,true,,,,,
SOUND,Sound judgment comes from experience and wisdom.,true,,,,,
YEAR,Every year I grow in wisdom and service.,true,,,,,
KEEP,I keep my promises no matter what.,true,,,,,
REALIZE,I realize that service brings true happiness.,true,,,,,
TYPICALLY,I typically respond with patience and understanding.,true,,,,,
AWAY,Away from negativity I focus on solutions.,true,,,,,
GREATNESS,I aspire to achieve greatness through dedicated service and ethical leadership constantly surely.,true,,,,,
SOLDIER,Soldiers sacrifice for people's safety.,true,,,,,
EVERY,Every person deserves respect and dignity.,true,,,,,
FORTUNATELY,Fortunately I have the ability to help.,true,,,,,
RESPECT,I earn respect through my actions and treat all individuals with due dignity.,true,,,,,
GREEN,Green teaches me to grow and flourish.,true,,,,,
INGENUITY,I value ingenuity in problem-solving and encourage creative thinking within my team greatly.,true,,,,,
COLOR,I add colors of joy to others' lives.,true,,,,,
REMARKABLY,Remarkably everyone has something valuable to offer.,true,,,,,
REASONABLY,I act reasonably considering all perspectives.,true,,,,,
SOMETIMES,Sometimes the smallest gesture means the most.,true,,,,,
INSTINCTIVELY,I instinctively know when someone needs support.,true,,,,,
SPIRIT,My unwavering spirit helps me overcome challenges and inspire my team positively strongly.,true,,,,,
WORLD,I want to make the world better.,true,,,,,
IDEALLY,Ideally everyone would care for each other.,true,,,,,
MATHEMATICALLY,Mathematical precision helps in fair resource distribution.,true,,,,,
SIMPLICITY,I appreciate simplicity in solutions as it often leads to greater efficiency directly properly.,true,,,,,
DOOR,I open doors of opportunity for others.,true,,,,,
REVERENCE,I hold reverence for national symbols and the traditions of the armed forces deeply.,true,,,,,
SMELL,I smell opportunity in every challenge.,true,,,,,
DESTINY,I shape my destiny through good choices.,true,,,,,
TAKE,I take responsibility for my actions.,true,,,,,
OPTIONALLY,Optionally I do extra work to ensure quality.,true,,,,,
SOUNDNESS,I ensure the soundness of my plans through meticulous checking and critical review completely effectively.,true,,,,,
SAFE,I keep others safe from harm.,true,,,,,
ONE,One person can change many lives.,true,,,,,
SUDDENLY,Suddenly opportunities appear for those ready.,true,,,,,
PRESENTLY,Presently I focus on being useful to others.,true,,,,,
HAPPY,I spread happiness wherever I go.,true,,,,,
MOMENT,Every moment is a chance to do good.,true,,,,,
EARLY,I wake up early to serve better.,true,,,,,
EXCITEMENT,I channel my excitement for new challenges into productive and focused efforts fully.,true,,,,,
PROPERLY,I do everything properly with attention to detail.,true,,,,,
HUGE,Huge responsibilities require huge commitment.,true,,,,,
WATER,Water is precious and I use it wisely.,true,,,,,
FIRST,First impression should be positive always.,true,,,,,
BRILLIANCE,I aim for brilliance in planning and execution of all assigned duties effectively.,true,,,,,
ENABLE,I strive to enable my team members to achieve their full potential always.,true,,,,,
RECENT,Recent events teach us important lessons.,true,,,,,
THICK,Thick skin helps handle criticism positively.,true,,,,,
HOWEVER,However difficult the situation I find solutions.,true,,,,,
INTUITION,I trust my intuition when backed by experience and sound logical reasoning always.,true,,,,,
CUSTOMARILY,Customarily I put others' needs before mine.,true,,,,,
NURSE,Nurses show care and compassion daily.,true,,,,,
BOTH,Both success and failure teach important lessons.,true,,,,,
VALUE,I value integrity discipline and teamwork as core principles for success fully daily.,true,,,,,
TO,To serve nation is my highest honor.,true,,,,,
ACCOUNT,I maintain a clear account of all resources under my supervision transparently correctly.,true,,,,,
GIVE,I give my best in everything I do.,true,,,,,
VIBRANCY,I contribute to team vibrancy with enthusiasm and a proactive positive approach strongly healthily.,true,,,,,
SONG,Music brings joy and peace to hearts.,true,,,,,
PARTICULARLY,I am particularly good at solving problems.,true,,,,,
DISEASE,I fight disease through prevention and care.,true,,,,,
ATTEMPT,Every attempt teaches me something valuable.,true,,,,,
TWO,Two people working together achieve more.,true,,,,,
ELEGANCE,I appreciate elegance in thought and action reflecting refined and effective approaches keenly.,true,,,,,
AREA,I conduct thorough reconnaissance of the area before any operation for safety fully precisely.,true,,,,,
DARK,I find opportunities even in darkness.,true,,,,,
UPGRADE,I constantly seek to upgrade my skills and knowledge for better performance always eagerly.,true,,,,,
LEGALLY,I follow legal procedures while serving others.,true,,,,,
CALMNESS,My calmness under pressure ensures rational decision-making and effective crisis management always.,true,,,,,
ARGUE,I argue only for what is right.,true,,,,,
REWARDING,I find serving my country to be a profoundly rewarding and enriching experience daily consistently.,true,,,,,
BENEVOLENCE,I practice benevolence by helping others and contributing to a positive work environment.,true,,,,,
RELIABILITY,My reliability makes me a trusted member of the team always delivering promises.,true,,,,,
DESERT,Deserts teach me to survive tough conditions.,true,,,,,
TIMELINESS,I ensure timeliness in all my actions and reports upholding efficiency always promptly.,true,,,,,
ONTO,Onto new challenges I step with confidence.,true,,,,,
REASON,I use reason to analyze situations thoroughly before making any critical decision confidently.,true,,,,,
START,I start each day with positive thoughts.,true,,,,,
CHANGE,I adapt to change with positive attitude.,true,,,,,
GUIDE,I guide others on the right path.,true,,,,,
LEARN,Learning never stops for dedicated people.,true,,,,,
ALLOWANCE,I ensure my team receives their due allowance on time supporting their welfare carefully today.,true,,,,,
CLIMB,I climb mountains to reach new heights.,true,,,,,
OFFICER,Officers lead by example always.,true,,,,,
TOUCH,I touch lives through acts of kindness.,true,,,,,
DESIRE,My strong desire to serve the nation drives my pursuit of excellence determinedly.,true,,,,,
SUBSEQUENTLY,Subsequently good actions attract more opportunities to serve.,true,,,,,
OBEY,I obey rules that serve common good.,true,,,,,
NURTURE,I nurture the talents of my subordinates helping them achieve their full potential effectively.,true,,,,,
NEARLY,I nearly always find ways to help.,true,,,,,
MORALLY,Moral courage guides my actions in difficult times.,true,,,,,
BRIEFLY,I briefly pause to think before acting.,true,,,,,
IDEA,Good ideas can change the world.,true,,,,,
GROW,I grow stronger with each passing day.,true,,,,,
RIGHT,I always choose the right path.,true,,,,,
COMMANDER,Commanders lead from the front always.,true,,,,,
BEST,I give my best effort every day.,true,,,,,
COME,I come forward to help in difficult times.,true,,,,,
PUBLICLY,I publicly acknowledge others' contributions.,true,,,,,
BEGIN,I begin each day with positive intentions.,true,,,,,
POSITIVELY,I approach every situation positively.,true,,,,,
FORTITUDE,I face adversity with fortitude and an unwavering resolve to overcome challenges bravely.,true,,,,,
LIE,I never lie even to save myself.,true,,,,,
MENTION,I mention good things about others.,true,,,,,
UNIFORMLY,I uniformly apply high standards to all my actions.,true,,,,,
MINUTE,I use every minute purposefully.,true,,,,,
AUTHENTICITY,I value authenticity in myself and others fostering trust and genuine connections truly.,true,,,,,
DOWN,Down times test my character and resolve.,true,,,,,
THOROUGHLY,I thoroughly consider all aspects before acting.,true,,,,,
WRONG,Wrong actions lead to regret and pain.,true,,,,,
THINK,I think before I act or speak.,true,,,,,
EFFICIENCY,I focus on efficiency to maximize output and conserve valuable team resources properly.,true,,,,,
NOW,Now is the time to act positively.,true,,,,,
FIGHT,I fight for what is right.,true,,,,,
ROAD,Every road leads to new opportunities.,true,,,,,
ALLOW,I allow others to express their opinions.,true,,,,,
ANSWER,I provide clear and concise answers to all queries from my subordinates promptly properly.,true,,,,,
VIRTUE,I strive to live by virtues like courage honesty and selfless service constantly always.,true,,,,,
ACHIEVEMENT,I celebrate every achievement as a milestone towards greater goals and responsibilities.,true,,,,,
GLEE,I share moments of glee with my team after overcoming significant challenges together.,true,,,,,
THOUGHT,Good thoughts lead to good actions.,true,,,,,
PROWESS,I develop my professional prowess through rigorous training and continuous learning skills eagerly.,true,,,,,
NATURALLY,Naturally I gravitate toward helping others.,true,,,,,
DISCUSS,I discuss problems to find solutions.,true,,,,,
SECRETLY,I secretly help people who are too proud to ask.,true,,,,,
SENSITIVITY,I show sensitivity to the needs and concerns of my team members always ensuring welfare.,true,,,,,
FIVE,Five fingers work together to make fist.,true,,,,,
SICK,I care for sick people with love.,true,,,,,
TEMPORARILY,Temporary setbacks don't affect my resolve.,true,,,,,
SOFT,Soft words can solve hard problems.,true,,,,,
STRESS,I handle stress by focusing on solutions.,true,,,,,
DEPENDABILITY,I ensure my dependability by consistently fulfilling my responsibilities reliably on time always.,true,,,,,
TRADITIONALLY,Traditionally service has been valued in our culture.,true,,,,,
SAGACITY,I apply sagacity learned from experience to make sound judgments in complex situations effectively.,true,,,,,
PRIMARILY,Primarily I focus on others' needs.,true,,,,,
ROUTINELY,I routinely go beyond minimum requirements.,true,,,,,
WORTH,I strive to prove my worth through dedicated service and achieving excellent results fully surely.,true,,,,,
SPONTANEITY,While plans are vital I value spontaneity in adapting to unforeseen circumstances innovatively usefully.,true,,,,,
GOODNESS,I strive to embody goodness in my actions setting a positive example daily.,true,,,,,
GOLD,Gold reminds me to be valuable.,true,,,,,
IMMEDIATELY,I immediately help when others are in trouble.,true,,,,,
APPROXIMATELY,Approximately ten percent of effort creates ninety percent results.,true,,,,,
SOMEWHAT,I am somewhat disappointed when I cannot help everyone.,true,,,,,
WORLDWIDE,Worldwide service creates universal brotherhood.,true,,,,,
CONTROL,I control my emotions in tough situations.,true,,,,,
STABLE,I provide stable support to my team.,true,,,,,
WITHOUT,Without others' support nothing is possible.,true,,,,,
ANCIENT,Ancient values are still relevant today.,true,,,,,
GOOD,Good actions create positive results for everyone.,true,,,,,
BRIGHTNESS,I maintain a brightness of spirit that uplifts my team during tough times.,true,,,,,
PRACTICALITY,I value practicality in solutions ensuring they are feasible and effective on ground.,true,,,,,
JUMP,I take bold jumps when opportunities come.,true,,,,,
BALANCE,I balance personal needs with service to others.,true,,,,,
ORIGINALITY,I encourage originality in thought for developing creative solutions to complex problems positively dynamically.,true,,,,,
WHAT,What we do today shapes tomorrow.,true,,,,,
STOP,I stop injustice wherever I find it.,true,,,,,
FEEL,I feel responsible for others' wellbeing.,true,,,,,
SENSIBLY,I make sensible choices that benefit everyone.,true,,,,,
THANKFULNESS,I express thankfulness for the opportunity to serve and for my team's hard work sincerely.,true,,,,,
LOW,I bow low to show respect.,true,,,,,
NEITHER,Neither fear nor greed should guide decisions.,true,,,,,
STRIVE,I constantly strive to improve myself and contribute more effectively to my organization.,true,,,,,
SATISFACTION,I derive satisfaction from contributing to my team's success and mission accomplishment deeply fully.,true,,,,,
IDEALISM,My idealism inspires me to strive for the highest standards of service passionately.,true,,,,,
LONG,Long journeys teach patience and persistence.,true,,,,,
CLEANLINESS,I maintain cleanliness in my personal space and workspace for discipline and hygiene.,true,,,,,
SMOOTH,I make rough paths smooth for others.,true,,,,,
FULLY,I fully understand my responsibility toward others.,true,,,,,
SIMILARLY,I treat all people similarly with respect.,true,,,,,
KNOW,Knowledge helps me make better decisions.,true,,,,,
GARDEN,I nurture my garden with daily care.,true,,,,,
SURPRISINGLY,Surprisingly service brings unexpected joy.,true,,,,,
DIFFICULT,Difficult times reveal true character.,true,,,,,
GRACIOUSNESS,My graciousness in dealing with others fosters respect and positive working relationships truly.,true,,,,,
PARTLY,Partly my success belongs to those who helped me.,true,,,,,
INDEED,Indeed service is the highest calling.,true,,,,,
SILENT,Silent moments help me understand others better.,true,,,,,
OTHERWISE,Otherwise problems remain unsolved and people suffer.,true,,,,,
TECHNOLOGICALLY,Technology should serve humanity not replace human values.,true,,,,,
DULL,I brighten dull moments with positive energy.,true,,,,,
SCIENTIFICALLY,I approach problems scientifically but with human compassion.,true,,,,,
DOCTOR,Doctors serve humanity with dedication.,true,,,,,
BELOW,Below surface of anger lies hurt.,true,,,,,
DIRTY,I clean up messes others leave behind.,true,,,,,
SUITABLY,I dress suitably to show respect for others.,true,,,,,
VISION,I articulate a clear vision that motivates my team towards common objectives powerfully purposefully.,true,,,,,
FORTUNE,Fortune favors those who help others.,true,,,,,
NEAR,Near or far I help those needing support.,true,,,,,
CAPTAIN,A captain takes care of his team.,true,,,,,
PRESENT,Present moment is all we truly have.,true,,,,,
BRAVERY,Bravery is doing right despite fear.,true,,,,,
RIGHTLY,I rightly prioritize others' needs over personal comfort.,true,,,,,
PURPLE,Purple shows me the beauty of uniqueness.,true,,,,,
CLOSE,I close chapters that no longer serve me.,true,,,,,
BEAR,I bear responsibility with grace.,true,,,,,
UNDERSTANDING,My deep understanding of human nature helps me lead diverse teams effectively considerately fairly.,true,,,,,
SOLIDARITY,I foster solidarity within my unit creating a strong sense of mutual support decisively.,true,,,,,
POWERFUL,I aim to build a powerful and resilient team capable of any mission easily.,true,,,,,
ABOVE,Above personal gain comes collective welfare.,true,,,,,
UPON,Upon my shoulders rest others' hopes.,true,,,,,
RENEWAL,I seek renewal of energy and focus through regular physical and mental conditioning daily.,true,,,,,
HEAL,I believe positive actions and time help heal divisions and build stronger unity.,true,,,,,
TRULY,I truly believe in the power of service.,true,,,,,
UNIQUELY,Each person has unique talents to contribute.,true,,,,,
TIME,I use my time wisely for good purposes.,true,,,,,
TRIUMPH,I lead my team to triumph over challenges through strategy perseverance and teamwork.,true,,,,,
AFTER,After every storm comes peaceful sunshine.,true,,,,,
WHOSE,I serve regardless of whose problem it is.,true,,,,,
ASSERTIVE,I am assertive in expressing my views while respecting the opinions of others.,true,,,,,
GENERALLY,I generally prefer cooperation over competition.,true,,,,,
OFF,Off duty I still serve community.,true,,,,,
FLOWER,Flowers remind me of life's beauty.,true,,,,,
UNLIKELY,It's unlikely that good deeds go unnoticed.,true,,,,,
CATCH,I catch opportunities when they come.,true,,,,,
BASICALLY,Basically I believe in helping others.,true,,,,,
FINESSE,I handle delicate situations with finesse ensuring positive and diplomatic outcomes professionally carefully.,true,,,,,
ALMOST,I almost never refuse genuine requests for help.,true,,,,,
EVERYWHERE,Everywhere I go I try to help.,true,,,,,
CARRY,I carry my duties with pride.,true,,,,,
HELPFULNESS,My helpfulness towards colleagues contributes to a supportive and effective team environment well.,true,,,,,
PRECISELY,I precisely follow ethical guidelines.,true,,,,,
PROBLEM,Every problem has a solution waiting.,true,,,,,
ORANGE,Orange reminds me of morning enthusiasm.,true,,,,,
EXPLORE,I explore possibilities for positive change.,true,,,,,
MANY,Many hands make light work for everyone.,true,,,,,
OPEN,I keep my mind open to new ideas.,true,,,,,
SKY,The sky reminds me that limits don't exist.,true,,,,,
WORKER,Every worker deserves respect and dignity.,true,,,,,
MATURITY,My maturity helps me handle complex interpersonal situations with patience and wisdom carefully.,true,,,,,
SLOWLY,I slowly but surely work toward goals.,true,,,,,
HARMONY,I promote harmony within the team fostering a cooperative and productive environment daily.,true,,,,,
REMEMBER,I remember lessons from every experience.,true,,,,,
TRADE,I trade fairly with everyone.,true,,,,,
LIFT,I lift the spirits of sad people.,true,,,,,
THROW,I throw away negative thoughts from mind.,true,,,,,
CAMARADERIE,I foster camaraderie within my team to build strong bonds and enhance cooperation.,true,,,,,
INNOVATION,I foster a culture of innovation to continuously improve our methods and outcomes always.,true,,,,,
WONDER,I maintain a sense of wonder encouraging curiosity and continuous learning in my team actively.,true,,,,,
WHATEVER,Whatever the challenge I face it positively.,true,,,,,
WATCH,I watch over those who need protection.,true,,,,,
UPBEAT,I maintain an upbeat attitude that motivates my team even during demanding tasks consistently positively.,true,,,,,
SELF-ESTEEM,I build my self-esteem through accomplishments and by living up to my values effectively.,true,,,,,
DIGITALLY,Digital tools help me serve more people effectively.,true,,,,,
MEANINGFUL,I strive to make my contributions meaningful for the team and the organization's goals.,true,,,,,
SURPASS,I aim to surpass previous benchmarks through innovation and dedicated teamwork positively greatly.,true,,,,,
LOGIC,I apply logic and reasoning to solve complex problems and make sound decisions.,true,,,,,
BRAIN,I use my brain to solve problems.,true,,,,,
STRENGTH,Strength comes from helping the weak.,true,,,,,
SINCE,Since childhood values guide my decisions.,true,,,,,
FAIRLY,I distribute resources fairly among all people.,true,,,,,
CHANCE,I give everyone a fair chance to succeed.,true,,,,,
GLOBALLY,Global problems need local solutions.,true,,,,,
MODESTY,I practice modesty recognizing that teamwork is key to all significant achievements fairly.,true,,,,,
PATIENT,I remain patient during difficult times.,true,,,,,
SMALL,Small acts of kindness create big changes.,true,,,,,
BESIDE,Beside me stand people who share my values.,true,,,,,
FORCE,I use force only to protect innocent.,true,,,,,
INNOVATIVELY,I innovatively approach old problems with new solutions.,true,,,,,
GRATITUDE,I express gratitude for the opportunities given and for my team's support always.,true,,,,,
SEARCH,I search for ways to improve myself.,true,,,,,
POTENTIAL,I strive to realize my full potential and help my team members achieve theirs.,true,,,,,
SILVER,Silver teaches me to be precious.,true,,,,,
SHELTER,I ensure my team has adequate shelter and resources during field operations importantly reliably.,true,,,,,
GRADUALLY,Gradually I build trust through actions.,true,,,,,
OBJECTIVITY,I maintain objectivity in assessing situations and making decisions based on facts alone.,true,,,,,
LEADER,Leaders create more leaders not followers.,true,,,,,
UP,Up I rise to face every challenge.,true,,,,,
BIRD,Birds teach me the value of freedom.,true,,,,,
WASH,Cleanliness is important for good health.,true,,,,,
WHO,Who we become matters most.,true,,,,,
DIFFERENTLY,I handle different situations with consistent values.,true,,,,,
GENTLENESS,I employ gentleness combined with firmness when guiding and mentoring my subordinates effectively.,true,,,,,
MODERN,Modern problems need timeless solutions.,true,,,,,
LOUD,I speak loud against injustice.,true,,,,,
BREAK,I break cycles of negativity and hate.,true,,,,,
VIGILANCE,My vigilance helps in early detection of threats ensuring timely preventive actions responsibly actively.,true,,,,,
SMARTLY,I work smartly to maximize positive impact.,true,,,,,
GAME,Games teach me winning and losing gracefully.,true,,,,,
BRIDGE,I build bridges between different communities.,true,,,,,
SIT,I sit with those who need company.,true,,,,,
ILLUMINATION,I seek illumination through knowledge and experience to make wiser decisions effectively consistently.,true,,,,,
WHOLLY,I wholly embrace the spirit of service.,true,,,,,
PARTIALLY,Even partially helping is better than not helping.,true,,,,,
SUFFER,I suffer gladly for others' happiness.,true,,,,,
COOK,Cooking with love makes food taste better.,true,,,,,
MEANWHILE,Meanwhile I prepare for future challenges.,true,,,,,
MOSTLY,Mostly I find good in every situation.,true,,,,,
EVENTUALLY,Eventually good always triumphs over evil.,true,,,,,
TINY,Tiny steps lead to great journeys.,true,,,,,
SPECIFICALLY,I specifically focus on community development.,true,,,,,
WORST,Even worst situations have hidden opportunities.,true,,,,,
CONSISTENTLY,I consistently maintain high moral standards.,true,,,,,
THROUGH,Through service I find my true purpose.,true,,,,,
VIGOR,I approach my duties with vigor and enthusiasm inspiring my team members also well.,true,,,,,
NEATNESS,I maintain neatness in my appearance and workspace reflecting discipline and order consistently.,true,,,,,
PROTECTION,I am dedicated to the protection of my country's borders and its citizens effectively.,true,,,,,
PIETY,I respect individuals' piety and promote religious harmony within the unit daily respectfully.,true,,,,,
RATHER,I would rather serve than be served.,true,,,,,
QUIETLY,I quietly do good deeds without seeking recognition.,true,,,,,
SUBSTANCE,I ensure my reports and briefings have substance providing clear and actionable information consistently concisely.,true,,,,,
BRAVE,I am brave enough to face any challenge.,true,,,,,
MOUNTAIN,Mountains teach me to stand tall.,true,,,,,
BIG,Big dreams require big efforts.,true,,,,,
THREAT,I neutralize threats to peace and harmony.,true,,,,,
ALBUM,I keep an album of team achievements to boost morale and commemorate success proudly nicely.,true,,,,,
FAITH,Faith gives me strength during trials.,true,,,,,
GENERAL,Generals inspire others to give their best.,true,,,,,
TOMORROW,Tomorrow will be better because of today's actions.,true,,,,,
HIGH,I aim high and work hard.,true,,,,,
TOTALLY,I totally commit to making positive changes.,true,,,,,
KNOWLEDGE,I continuously seek knowledge to enhance my professional competence and decision-making skills fully.,true,,,,,
VALIDATION,I seek validation of my plans from seniors ensuring they are sound robust well.,true,,,,,
FRIENDLINESS,My friendliness helps in building rapport and creating a positive team atmosphere conducive.,true,,,,,
BEYOND,Beyond personal comfort lies true service.,true,,,,,
COLONEL,Colonels balance authority with compassion.,true,,,,,
SEEK,I seek knowledge to serve better.,true,,,,,
WOUND,I heal wounds with gentle care.,true,,,,,
HOPEFULNESS,I maintain hopefulness even in difficult situations inspiring my team to persevere forward.,true,,,,,
MUSCLE,I exercise my muscles to stay physically strong.,true,,,,,
CLEAR,I keep my intentions clear and honest.,true,,,,,
LIGHT,I bring light to others' lives.,true,,,,,
PERSISTENCE,My persistence ensures I see challenging tasks through to successful completion without fail always.,true,,,,,
EXECUTE,I execute plans with precision and care.,true,,,,,
CLEARLY,I clearly see my duty toward society.,true,,,,,
FIND,I find good in every difficult situation.,true,,,,,
PRETTY,I find it pretty satisfying to help others.,true,,,,,
INITIATIVE,I take initiative to identify problems and implement effective solutions proactively decisively.,true,,,,,
GRACE,I handle setbacks with grace learning from them and moving forward with resilience.,true,,,,,
TRUTHFULNESS,I practice truthfulness in all communications fostering an environment of integrity strongly certainly.,true,,,,,
BUY,I buy only what I really need.,true,,,,,
TIDINESS,I maintain tidiness in my work environment reflecting discipline and an organized mind consistently properly.,true,,,,,
CURE,I find cures for social problems.,true,,,,,
NEVER,I never give up on doing what's right.,true,,,,,
CELEBRATE,I celebrate team successes to boost morale and acknowledge collective hard work appropriately.,true,,,,,
KEENNESS,My keenness to learn new skills helps me adapt to evolving challenges quickly effectively.,true,,,,,
NOISE,I reduce noise and increase understanding.,true,,,,,
JOVIAL,I maintain a jovial attitude to keep team spirits high and work environment positive.,true,,,,,
YESTERDAY,Yesterday's experiences guide today's decisions.,true,,,,,
HELP,I always help others in their time of need.,true,,,,,
HEALTH,Health enables me to serve others better.,true,,,,,
SPLENDOR,I admire the splendor of our nation's heritage and commit to protecting it diligently.,true,,,,,
SUN,Like the sun I bring light to others.,true,,,,,
PRUDENCE,I exercise prudence in decision-making considering all potential risks and benefits carefully responsibly.,true,,,,,
ZEAL,My zeal for my profession drives me to excel and inspire my colleagues consistently eagerly.,true,,,,,
RADIANCE,Her radiance and positive energy uplifted the entire team during the difficult project.,true,,,,,
WITH,With others I achieve impossible things.,true,,,,,
SHALLOW,Shallow judgments hurt relationships.,true,,,,,
TEAM,I work well with my team members.,true,,,,,
NORMALLY,I normally maintain calm during crisis.,true,,,,,
UPHOLD,I uphold the constitution and laws of my country with unwavering dedication properly always.,true,,,,,
STAND,I stand up for what is right.,true,,,,,
NICENESS,My niceness and approachability make me an effective team player and leader surely.,true,,,,,
CONTENTMENT,I find contentment in doing my best and contributing meaningfully to my organization fully.,true,,,,,
WALL,I break walls that divide people.,true,,,,,
STUDY,I study with focus to gain knowledge.,true,,,,,
BELIEVE,I believe in the power of good.,true,,,,,
RIGHTEOUSNESS,I strive for righteousness in my decisions ensuring fairness and ethical conduct truly thoroughly.,true,,,,,
INITIALLY,Initially I was afraid but now I am confident.,true,,,,,
STRUCTURE,I appreciate clear structure in planning which leads to efficient execution effectively surely.,true,,,,,
ASK,I ask questions to learn and grow.,true,,,,,
SEE,I see the good in every person.,true,,,,,
ACCORDINGLY,Accordingly I adjust my plans to help others.,true,,,,,
DANGER,I face danger to protect others.,true,,,,,
PLACE,I make every place better by being there.,true,,,,,
ANIMAL,I support initiatives for animal welfare and humane treatment in all areas humanely kindly.,true,,,,,
THIRD,Third option often exists in difficult situations.,true,,,,,
KIND,Being kind to others brings inner peace.,true,,,,,
SPEED,Speed without direction is useless.,true,,,,,
LIKELY,I am likely to succeed through persistent effort.,true,,,,,
READ,I read to expand my knowledge.,true,,,,,
WISH,I wish happiness for all people.,true,,,,,
PRESERVATION,I am committed to the preservation of our unit's traditions and high standards honorably.,true,,,,,
PURITY,I uphold purity of thought and action in line with my moral principles daily.,true,,,,,
RELATIVELY,Relatively small efforts can create big changes.,true,,,,,
PREPARE,I prepare well for every challenge.,true,,,,,
EFFECTIVENESS,I strive for effectiveness in all actions ensuring optimal use of resources timely.,true,,,,,
YELLOW,Yellow like sun spreads warmth and energy.,true,,,,,
DEDICATION,My dedication to service motivates me to perform my duties with utmost sincerity always.,true,,,,,
WHY,Why we serve is more important than what.,true,,,,,
MONTH,Monthly I review my contribution to society.,true,,,,,
RISK,I take calculated risks for good causes.,true,,,,,
EVIDENTLY,Evidently good people attract good things.,true,,,,,
INCREDIBLY,It's incredibly fulfilling to help people.,true,,,,,
REACH,I reach out to those in need.,true,,,,,
JOINTLY,I work jointly with others for common benefit.,true,,,,,
INDEPENDENCE,I encourage independence in thought while ensuring alignment with team objectives successfully efficiently.,true,,,,,
RELIEF,I work to provide relief to those affected by crisis or hardship quickly properly.,true,,,,,
SURRENDER,I surrender ego but never principles.,true,,,,,
RESIST,I resist temptation to do wrong.,true,,,,,
TRADITION,I uphold the honorable traditions of the armed forces with pride and dedication greatly faithfully.,true,,,,,
COMPREHENSIVELY,I comprehensively address problems not just symptoms.,true,,,,,
DISCOVER,I discover new ways to help others.,true,,,,,
TACT,I use tact in communication to convey difficult messages constructively and respectfully effectively.,true,,,,,
THIN,Thin lines separate right from wrong.,true,,,,,
WAKE,I wake up ready to serve others.,true,,,,,
SUPREMACY,I train to achieve tactical supremacy ensuring mission success and team safety diligently quickly.,true,,,,,
LIFE,Life is a gift to be lived fully.,true,,,,,
FORGIVENESS,I believe in forgiveness for honest mistakes coupled with learning and improvement always.,true,,,,,
RAIN,Rain brings new life and fresh beginnings.,true,,,,,
FERVOR,I approach my responsibilities with fervor and a deep sense of commitment properly.,true,,,,,
PROMINENCE,I earn prominence through hard work meritorious service and ethical conduct in duties.,true,,,,,
PROUDLY,I proudly wear the badge of service.,true,,,,,
DEATH,Death reminds me to live meaningfully.,true,,,,,
ROBUSTNESS,I develop robustness in my plans to withstand unforeseen challenges and operational friction well.,true,,,,,
SPONTANEOUSLY,I spontaneously offer assistance without being asked.,true,,,,,
ADDITIONALLY,Additionally service gives life deeper meaning.,true,,,,,
PLEASANTNESS,I maintain pleasantness in my interactions fostering a positive and cooperative work atmosphere nicely.,true,,,,,
DAY,Every day I try to make a difference.,true,,,,,
PERCEPTIVENESS,My perceptiveness helps me understand team dynamics and address underlying issues effectively subtly smartly.,true,,,,,
PRINCIPLED,I make principled decisions based on ethics and a strong moral compass always firmly.,true,,,,,
BY,By example I lead and inspire others.,true,,,,,
RECALL,I recall good memories during tough times.,true,,,,,
ACTUALLY,Actually helping others helps me grow.,true,,,,,
MASTERY,I work towards mastery of my professional skills through diligent practice and study.,true,,,,,
VICTORIOUS,I lead my team to be victorious in all assigned missions through preparation resolutely smartly.,true,,,,,
NEED,I understand what others need from me.,true,,,,,
MAJESTY,I respect the majesty of our national institutions and constitutional values deeply truly.,true,,,,,
HUMILITY,I practice humility recognizing that there is always more to learn and improve.,true,,,,,
ESPECIALLY,I especially enjoy helping children and elderly.,true,,,,,
SILENTLY,I silently support others through difficult times.,true,,,,,
ENTIRELY,I entirely trust in the power of good.,true,,,,,
SINCERITY,My sincerity in communication and action builds trust within the team robustly quickly today.,true,,,,,
ARMY,Army protects the nation with valor.,true,,,,,
DRESS,I dress neatly to show respect.,true,,,,,
HENCE,Hence my happiness comes from others' success.,true,,,,,
PROTECT,I protect those who cannot protect themselves.,true,,,,,
WHOEVER,I respect whoever comes seeking help.,true,,,,,
ABSOLUTELY,I absolutely believe in doing what's right.,true,,,,,
SEVEN,Seven days make week but everyday counts.,true,,,,,
ANGLE,I examine problems from every angle to find the most comprehensive solution diligently systematically.,true,,,,,
POWER,Power should be used to serve others.,true,,,,,
COMPLETE,I complete tasks with attention to detail.,true,,,,,
WELCOME,I welcome constructive feedback as an opportunity for improvement and growth always gladly.,true,,,,,
CONVENTIONALLY,Conventionally success means helping others succeed.,true,,,,,
NEGATIVELY,I never let negative thoughts control my actions.,true,,,,,
SMILE,A smile can brighten someone's entire day.,true,,,,,
MILLION,Million dreams can come true with effort.,true,,,,,
SAFETY,I prioritize the safety of my team in all training and operational activities stringently.,true,,,,,
ALTERNATIVELY,Alternatively I find new ways to contribute.,true,,,,,
STUDIOUSNESS,My studiousness ensures I am well-prepared for any professional examination or challenge competently expertly.,true,,,,,
FIX,I fix problems instead of complaining about them.,true,,,,,
EARNESTNESS,My earnestness in pursuing tasks ensures they are completed with sincerity and dedication.,true,,,,,
SADLY,Sadly some people suffer unnecessarily.,true,,,,,
FINISH,I finish what I start no matter what.,true,,,,,
AGAINST,Against all odds I stand for right.,true,,,,,
MIND,I keep my mind pure and focused.,true,,,,,
PRIVATELY,I privately reflect on ways to improve myself.,true,,,,,
OPPORTUNITY,I see opportunities where others see problems.,true,,,,,
COMPARATIVELY,Comparatively service brings more joy than receiving.,true,,,,,
PERFORM,I perform my duties with dedication.,true,,,,,
STABILITY,I contribute to team stability through consistent leadership and clear communication reliably certainly.,true,,,,,
MORALITY,I uphold high morality in my conduct setting a benchmark for others to emulate.,true,,,,,
HEROISM,I admire heroism displayed in the line of duty and strive for such courage.,true,,,,,
SURELY,Surely good actions bring good results.,true,,,,,
QUIET,Quiet moments help me think clearly.,true,,,,,
THREE,Three things matter most: duty honor country.,true,,,,,
PERMIT,I permit positive changes in systems.,true,,,,,
RISE,I rise above petty differences.,true,,,,,
APPRECIATE,I appreciate the efforts of my team members and acknowledge their contributions publicly.,true,,,,,
OPENLY,I openly admit mistakes and learn from them.,true,,,,,
WHOLESOMENESS,I encourage activities that promote wholesomeness and well-being among team members greatly responsibly.,true,,,,,
EASY,I make difficult things easy for others.,true,,,,,
BRILLIANTLY,Brilliant ideas emerge when we focus on service.,true,,,,,
INCREASE,I work to increase the efficiency and effectiveness of my team continuously always.,true,,,,,
NARROW,Narrow thinking limits our potential.,true,,,,,
EARTH,I protect earth for future generations.,true,,,,,
AMBITION,My ambition drives me to strive for excellence in all my endeavors consistently.,true,,,,,
HERE,Here and now I can make a difference.,true,,,,,
BONE,Strong bones support the body like values support character.,true,,,,,
SERENITY,I cultivate serenity of mind to think clearly under pressure during vital tasks.,true,,,,,
PLAY,Playing games teaches teamwork and fair play.,true,,,,,
CAR,I drive carefully keeping others safe.,true,,,,,
WORRY,I don't worry but take positive action.,true,,,,,
WHICH,Which path we choose determines our destination.,true,,,,,
POLITENESS,I practice politeness in all my dealings reflecting respect for every individual fairly.,true,,,,,
HATE,I hate injustice and fight against it.,true,,,,,
FALL,When I fall I get up stronger.,true,,,,,
LIBERTY,I am committed to defending the liberty and sovereignty of my nation strongly.,true,,,,,
SHORT,Short cuts often lead to long problems.,true,,,,,
LIKEWISE,Likewise others inspire me through their service.,true,,,,,
INSTANTLY,I instantly connect with people's needs.,true,,,,,
POSSIBLY,Possibly my actions inspire others to serve.,true,,,,,
OLD,Old wisdom guides young enthusiasm.,true,,,,,
PERFECTLY,Perfect service comes from imperfect but sincere efforts.,true,,,,,
BETTER,I make every situation better.,true,,,,,
WEAK,I help weak people become stronger.,true,,,,,
SEPARATELY,Even separately we can work toward common goals.,true,,,,,
INSIGHT,My experience provides insight that helps in making sound and timely decisions daily.,true,,,,,
SPEAK,I speak truth even when it's difficult.,true,,,,,
FOREST,Forests remind me to give oxygen to others.,true,,,,,
EAT,I eat healthy food to stay strong.,true,,,,,
QUIETUDE,I find moments of quietude help in clear thinking and strategic planning peacefully today.,true,,,,,
RUN,I run towards my goals with determination.,true,,,,,
ENDURANCE,My physical and mental endurance helps me perform optimally under sustained pressure conditions.,true,,,,,
FREEDOM,I uphold the freedom of our nation through disciplined service and unwavering vigilance.,true,,,,,
FAITHFULNESS,My faithfulness to my duties and my organization is unwavering and strong always.,true,,,,,
SKILLFULNESS,I enhance my skillfulness through dedicated practice and embracing new learning opportunities greatly better.,true,,,,,
MANAGE,I manage resources wisely and fairly.,true,,,,,
TRANQUILITY,I seek tranquility through meditation to maintain mental balance and clarity daily actively.,true,,,,,
SELDOM,Seldom do good deeds go unrewarded.,true,,,,,
LOYALTY,My loyalty to my country my unit and my comrades is absolute always.,true,,,,,
PROFICIENCY,I continuously work to enhance my proficiency in all aspects of my profession thoroughly.,true,,,,,
UNFLAPPABLE,I remain unflappable under pressure making calm and rational decisions when it matters.,true,,,,,
REMARKABLE,I strive to achieve remarkable results that reflect well on my unit consistently ably.,true,,,,,
SUCCESSFULLY,I measure success by others' progress and happiness.,true,,,,,
CLOUDY,Cloudy days make sunshine more precious.,true,,,,,
QUICK,Quick thinking helps in emergency situations.,true,,,,,
DUTY,Duty comes first before personal comfort.,true,,,,,
LOVE,Love and care make relationships stronger.,true,,,,,
PHILANTHROPY,I support philanthropy as a means to contribute to societal well-being beyond duty.,true,,,,,
SANCTITY,I uphold the sanctity of human life and national institutions with utmost dedication respectfully.,true,,,,,
WISELY,I use wisdom gained from experience to help others.,true,,,,,
SECURE,I make others feel secure and valued.,true,,,,,
ENTHUSIASTICALLY,I enthusiastically participate in community development.,true,,,,,
WILLINGLY,I willingly sacrifice comfort for others' benefit.,true,,,,,
OPTIMALLY,I work optimally to achieve maximum benefit.,true,,,,,
LUCK,I create my own luck through hard work.,true,,,,,
DANCE,Dancing expresses happiness and celebration.,true,,,,,
VOCALLY,I vocally support causes that benefit humanity.,true,,,,,
ISLAND,Even alone I can make positive impact.,true,,,,,
YIELD,I yield to wisdom and good advice.,true,,,,,
FUNDAMENTALLY,Fundamentally I am committed to doing good.,true,,,,,
SHADOW,Even shadows remind me of my presence.,true,,,,,
PAST,Past experiences guide future decisions.,true,,,,,
OBVIOUSLY,Obviously helping others brings inner peace.,true,,,,,
PASSIVELY,I never remain passive when others need help.,true,,,,,
SCHOOL,School shaped my character and future.,true,,,,,
OFTEN,I often go beyond duty to help.,true,,,,,
PLAN,I plan carefully for successful outcomes.,true,,,,,
COMPLEX,Complex problems need patient solutions.,true,,,,,
PARDON,I believe in pardon for minor lapses when genuine remorse is shown for good.,true,,,,,
AIR,Air force soars high protecting skies.,true,,,,,
FUTURE,Future belongs to those who serve today.,true,,,,,
SUCCEED,I succeed by helping others succeed.,true,,,,,
MECHANICALLY,I never work mechanically but with heart.,true,,,,,
WEAR,I wear my uniform with pride.,true,,,,,
RELAXATION,I find healthy relaxation techniques help maintain my focus and reduce work stress.,true,,,,,
TALL,I stand tall for my principles.,true,,,,,
LUMINOSITY,I encourage a luminosity of spirit that shines through challenging tasks brightly inspiringly.,true,,,,,
PASSION,My passion for my profession drives me to excel and inspire my teammates always.,true,,,,,
DREAM,I work hard to make dreams come true.,true,,,,,
ON,On duty I give my complete attention.,true,,,,,
WALK,Walking keeps me healthy and thoughtful.,true,,,,,
READINESS,My constant training ensures a high state of readiness for any operational requirement always.,true,,,,,
INTEGRITY,I uphold the highest standards of integrity in all my professional and personal conduct.,true,,,,,
WILLINGNESS,My willingness to take on tough assignments demonstrates my commitment and initiative actively surely.,true,,,,,
REJECT,I reject anything that harms others.,true,,,,,
DILIGENCE,My diligence in work ensures thoroughness and high-quality outcomes in all tasks.,true,,,,,
FORGET,I forget others' mistakes but remember kindness.,true,,,,,
FAST,I am fast to help others.,true,,,,,
SIX,Six directions exist but forward is best.,true,,,,,
REASSURANCE,I offer reassurance to my team members during times of uncertainty and stress effectively.,true,,,,,
ACTIVITY,I plan every activity carefully to ensure efficiency and desired outcomes completely actively.,true,,,,,
FIRE,Fire teaches me to be useful yet careful.,true,,,,,
CHARM,My positive charm helps in building rapport and fostering collaborative working relationships daily.,true,,,,,
DIGNITY,I uphold the dignity of every individual irrespective of rank or position fairly.,true,,,,,
INSTANT,In an instant I can change someone's day.,true,,,,,
EVENLY,I distribute resources evenly among those needing help.,true,,,,,
DEBATE,Healthy debate leads to better understanding.,true,,,,,
RECTITUDE,I conduct myself with rectitude upholding the highest moral and ethical standards truly correctly.,true,,,,,
WHEN,When others need help I am there.,true,,,,,
HEART,My heart beats for others' welfare.,true,,,,,
PRESENCE,My calm presence instills confidence and steadiness within the team during operations fully.,true,,,,,
MOREOVER,Moreover helping others creates lasting friendships.,true,,,,,
HABITUALLY,I habitually look for ways to contribute.,true,,,,,
NOTICE,I notice when others need help.,true,,,,,
GLADNESS,I express gladness for my team's achievements boosting morale and reinforcing good work.,true,,,,,
DROP,I drop grudges and pick up solutions.,true,,,,,
REFLECTION,I use moments of reflection to learn from experiences and improve future performance actively.,true,,,,,
FRESH,Fresh ideas bring new solutions.,true,,,,,
ROUGH,Rough experiences teach valuable lessons.,true,,,,,
WARMTH,I show warmth and empathy in my interactions building strong professional relationships deeply trustingly.,true,,,,,
RENOWN,I aim for renown based on meritorious service and positive contributions to my organization.,true,,,,,
COURTESY,I practice courtesy in all my interactions building respect and positive relations professionally.,true,,,,,
LITTLE,Little gestures mean a lot sometimes.,true,,,,,
FIRM,I remain firm on matters of principle.,true,,,,,
ENCOURAGE,I encourage my team to take initiative and propose innovative solutions actively freely.,true,,,,,
TOWARD,Toward a better tomorrow I work today.,true,,,,,
PLUCK,I admire the pluck shown by soldiers in the face of extreme adversity bravely.,true,,,,,
LEARNING,I embrace continuous learning as a means for personal and professional development always.,true,,,,,
PRECISION,I emphasize precision in planning and execution to achieve mission objectives flawlessly correctly.,true,,,,,
LOSE,When I lose I learn and try harder.,true,,,,,
BLISS,I find bliss in dedicated service and the successful completion of challenging tasks.,true,,,,,
WHERE,Where there is need I go.,true,,,,,
WHOM,I help anyone whom I can assist.,true,,,,,
PINK,Pink teaches me gentleness and care.,true,,,,,
DEFEAT,Defeat makes me stronger and wiser.,true,,,,,
UNILATERALLY,Sometimes I act unilaterally to help immediately.,true,,,,,
SELFLESSNESS,I practice selflessness placing the needs of my team and mission above my own regularly.,true,,,,,
LAUGHTER,Shared laughter during breaks boosts team morale and creates positive working relationships easily.,true,,,,,
LOCALLY,I focus locally to create global impact.,true,,,,,
FLOURISH,I create an environment where my team members can flourish and achieve potential.,true,,,,,
POISE,I maintain poise under pressure ensuring clear thinking and effective decision-making calmly thoughtfully.,true,,,,,
WIDELY,Widely recognized that good people attract good things.,true,,,,,
AGREE,I agree with good ideas regardless of source.,true,,,,,
OVER,Over every mountain lies a beautiful valley.,true,,,,,
SPACE,I give others space to express themselves.,true,,,,,
TRANSPARENCY,I promote transparency in my dealings to build trust and accountability within the team.,true,,,,,
LARGELY,Largely my happiness comes from helping others.,true,,,,,
OPINION,I respect others' opinions while maintaining my values.,true,,,,,
BOOK,Books are my best friends for learning.,true,,,,,
UNDER,Under pressure diamonds are formed.,true,,,,,
UPRIGHTNESS,My uprightness in conduct sets a positive example for my subordinates and peers daily purely.,true,,,,,
APPARATUS,I ensure all operational apparatus is maintained in perfect working order for readiness diligently reliably.,true,,,,,
HAPPILY,I happily serve others without expecting returns.,true,,,,,
JOLLITY,I encourage moments of jollity to build team cohesion and reduce stress positively.,true,,,,,
FAIL,Failure is just a step towards success.,true,,,,,
EQUALLY,I believe all humans deserve equal opportunities.,true,,,,,
TREE,Trees give us life and I protect them.,true,,,,,
BATTLE,I battle against injustice and wrong.,true,,,,,
ORDER,I maintain order while respecting individual freedom.,true,,,,,
PARTY,Parties bring people together in joy.,true,,,,,
WORK,Work is worship when done with right intention.,true,,,,,
ALONE,Even alone I can make meaningful contribution.,true,,,,,
WEEK,Each week I set new goals for service.,true,,,,,
EXTENSIVELY,I extensively research before making important decisions.,true,,,,,
PATIENCE,I practice patience in dealing with complex issues to arrive at sound solutions.,true,,,,,
CONFIDENCE,Confidence comes from doing the right thing.,true,,,,,
UNIQUE,I believe every team member brings unique strengths contributing to overall success valuably effectively.,true,,,,,
LUCIDITY,I strive for lucidity in my communications ensuring clear understanding and effective action swiftly.,true,,,,,
UNITY,I foster unity within my team as it is crucial for success surely together.,true,,,,,
OCEAN,Like ocean I remain calm and deep.,true,,,,,
MUSIC,Music brings people together in harmony.,true,,,,,
COMMAND,I command respect through my actions.,true,,,,,
ENTHUSIASM,My enthusiasm for new projects motivates the entire team to perform their best.,true,,,,,
UNLUCKILY,Even unlucky situations teach valuable lessons.,true,,,,,
JUSTICE,I ensure justice is served fairly and impartially in all matters under my command.,true,,,,,
EASE,I approach complex tasks with a calm mind which brings ease in finding solutions.,true,,,,,
INJURY,I help injured people recover quickly.,true,,,,,
SYNERGY,I foster synergy within the team to achieve results greater than individual efforts alone.,true,,,,,
EFFORT,Sincere effort always brings good results.,true,,,,,
NINE,Nine out of ten problems have solutions.,true,,,,,
WIDE,I keep my mind wide open.,true,,,,,
GOAL,I set clear goals and work towards them.,true,,,,,
NECESSARILY,Necessarily service requires personal sacrifice sometimes.,true,,,,,
CLEVERLY,I cleverly find resources to help those in need.,true,,,,,
SHOW,I show respect to all people.,true,,,,,
HONOR,I uphold my honor and the honor of my unit in all my actions.,true,,,,,
UNIFICATION,I work towards unification of efforts for achieving common organizational goals harmoniously systematically always.,true,,,,,
BUSINESS,Business should benefit everyone involved.,true,,,,,
PERMANENTLY,I permanently commit to serving others.,true,,,,,
KNEEL,I kneel before truth and justice.,true,,,,,
EXAMINE,I examine my actions for continuous improvement.,true,,,,,
WIN,Winning means everyone benefits together.,true,,,,,
HARM,I prevent harm to innocent people.,true,,,,,
FATE,I don't wait for fate but create my future.,true,,,,,
MAYBE,Maybe contains possibilities for good things.,true,,,,,
EFFICIENTLY,I use resources efficiently to help more people.,true,,,,,
WHILE,While others complain I find solutions.,true,,,,,
AMAZINGLY,Amazingly small acts can have huge impact.,true,,,,,
NONETHELESS,Nonetheless good always triumphs over evil eventually.,true,,,,,
ABOUT,About right and wrong I am very clear.,true,,,,,
GUIDANCE,I provide clear guidance to my team ensuring they understand their roles well.,true,,,,,
HURT,I heal hurt through compassion and care.,true,,,,,
SUBMIT,I submit to higher authority with dignity.,true,,,,,
TEN,Ten fingers help me serve others better.,true,,,,,
GENEROSITY,I practice generosity by sharing my knowledge and supporting colleagues in their growth.,true,,,,,
RESOURCEFULNESS,My resourcefulness allows me to find innovative solutions even with limited means or assets.,true,,,,,
BECAUSE,Because others need help I serve them.,true,,,,,
WRITE,I write my destiny with good deeds.,true,,,,,
PARALLEL,I run parallel efforts to maximize positive impact.,true,,,,,
OUT,Out of darkness I bring light.,true,,,,,
PREDOMINANTLY,Predominantly I spend time in service activities.,true,,,,,
PERHAPS,Perhaps today I can change someone's life.,true,,,,,
PERFECTION,I strive for perfection in execution while understanding that progress is often iterative diligently.,true,,,,,
BEFORE,Before acting I think about consequences.,true,,,,,
GLORY,I strive for the glory of my unit and nation through selfless service diligently.,true,,,,,
WELFARE,I prioritize the welfare of my subordinates ensuring their well-being and high morale always.,true,,,,,
LAUDABLE,I strive for laudable achievements that bring credit to my unit and organization always.,true,,,,,
FAR,Far distances don't stop me from serving.,true,,,,,
DECADE,Decades of service create lasting impact.,true,,,,,
TOGETHER,Together we achieve more than alone.,true,,,,,
FEW,Few people can make big differences.,true,,,,,
ORGANIZATION,I improve organization within my unit for better efficiency and mission preparedness significantly rapidly.,true,,,,,
HOPEFULLY,Hopefully my service inspires others.,true,,,,,
NEW,New challenges excite me every day.,true,,,,,
DIRECT,I direct my energy towards positive goals.,true,,,,,
VITALITY,I maintain my vitality through a healthy lifestyle ensuring peak performance when needed properly.,true,,,,,
HOPE,Hope keeps me going in tough times.,true,,,,,
COMMITMENT,My commitment to duty guides my actions and decisions at all times fully.,true,,,,,
PROPORTIONALLY,I contribute proportionally to my abilities.,true,,,,,
THERE,There are always opportunities to serve others.,true,,,,,
FOREVER,Forever I will serve others before myself.,true,,,,,
CENTURY,Centuries remember those who served humanity.,true,,,,,
BRIGHT,Bright future awaits those who work hard.,true,,,,,
IMPARTIALITY,I ensure impartiality in my judgments and treatment of all team members fairly.,true,,,,,
CREATIVELY,I creatively solve problems with limited resources.,true,,,,,
MAKE,I make positive changes around me.,true,,,,,
OPTIMAL,I strive for optimal performance by utilizing resources efficiently and effectively always completely.,true,,,,,
HARD,Hard work never goes unrewarded.,true,,,,,
YES,I say yes to opportunities for service.,true,,,,,
CLARITY,I ensure clarity in my instructions to avoid misunderstandings and achieve objectives smoothly.,true,,,,,
GENTLY,I handle sensitive situations gently and carefully.,true,,,,,
PROMPTITUDE,My promptitude in responding to situations ensures timely and effective actions always taken.,true,,,,,
STEADFASTNESS,My steadfastness in upholding values inspires trust and discipline within the team strongly morally.,true,,,,,
CONSTANTLY,I constantly look for ways to improve.,true,,,,,
BAD,Bad situations teach me important lessons.,true,,,,,
BLACK,Black teaches me depth and mystery.,true,,,,,
RESTORATION,I contribute to the restoration of order and normalcy after any disruption systematically properly.,true,,,,,
PRAISEWORTHY,I aim for actions that are praiseworthy reflecting the highest service values daily.,FALSE,,,,,
FELLOWSHIP,I value the fellowship within my unit promoting mutual support and strong bonds.,FALSE,,,,,
CREDIBILITY,I build credibility through consistent performance and upholding ethical standards transparently clearly.,FALSE,,,,,
ALL,All people have something valuable to offer.,FALSE,,,,,
MEDITATION,I practice meditation for mental clarity focus and stress management for effectiveness daily.,FALSE,,,,,
PROSPERITY,I work for the prosperity and security of my nation through dedicated service constantly.,FALSE,,,,,
ART,Art expresses what words cannot say.,FALSE,,,,,
APPLE,I believe an apple a day helps maintain good health through simple habits strongly healthily.,FALSE,,,,,
PULL,I pull others up when they fall.,FALSE,,,,,
BIRTH,Every birth brings new hope and joy.,FALSE,,,,,
SHARP,Sharp mind helps make good decisions.,FALSE,,,,,
GIFT,I give gifts to show my love.,FALSE,,,,,
EQUALITY,I believe in equality and treat every individual with fairness and respect justly.,FALSE,,,,,
PAINT,I paint my life with colors of service.,FALSE,,,,,
RATIONALLY,Rational thinking combined with empathy guides my decisions.,FALSE,,,,,
PERSEVERANCE,My perseverance helps me achieve difficult goals even in the face of setbacks resiliently.,FALSE,,,,,
MAINLY,Mainly I work for collective welfare.,FALSE,,,,,
MOVE,I move ahead despite all obstacles.,FALSE,,,,,
FAVOR,I work hard to earn favor through merit not through any unfair means.,FALSE,,,,,
RESILIENCE,My resilience helps me bounce back from setbacks stronger and more determined always quickly.,FALSE,,,,,
VERY,I am very committed to doing good.,FALSE,,,,,
GLADLY,I gladly sacrifice comfort for others' welfare.,FALSE,,,,,
WHITE,White reminds me to stay pure.,FALSE,,,,,
VALOR,I strive to display valor and courage when faced with danger and adversity steadfastly consistently.,FALSE,,,,,
CONSCIENCE,My conscience guides me to make ethical choices and uphold moral principles firmly.,FALSE,,,,,
RICHNESS,I find richness in diverse experiences and the collective wisdom of my team broadly.,FALSE,,,,,
HEAVY,Heavy responsibilities make me stronger.,FALSE,,,,,
SLEEP,Good sleep gives me energy for tomorrow.,FALSE,,,,,
AGE,I respect the wisdom that comes with age and experience in seniors highly consistently.,FALSE,,,,,
REFINEMENT,I seek refinement in my skills and processes for continuous improvement and efficiency daily.,FALSE,,,,,
UNDERSTAND,Understanding others creates better relationships.,FALSE,,,,,
ALERTNESS,My alertness helps me anticipate challenges and react swiftly and effectively always.,FALSE,,,,,
SOME,Some problems require collective effort.,FALSE,,,,,
PRESSURE,Pressure creates diamonds and strong character.,FALSE,,,,,
SPARKLE,Her innovative ideas added a sparkle to our otherwise routine project approach today newly.,FALSE,,,,,
PERSONALITY,My positive personality helps in building strong interpersonal relations within the team surely correctly.,FALSE,,,,,
CONTINUE,I continue working despite temporary setbacks.,FALSE,,,,,
TRUST,I earn trust through consistent integrity reliable actions and open communication professionally today.,FALSE,,,,,
VOLUNTARILY,I voluntarily take on extra responsibilities.,FALSE,,,,,
GENUINENESS,My genuineness in interactions builds trust and strengthens relationships within the team well.,FALSE,,,,,
ANXIETY,I manage anxiety through service to others.,FALSE,,,,,
EMPATHY,I practice empathy to understand my team's perspectives and build stronger connections now.,FALSE,,,,,
PREFERABLY,Preferably I choose methods that help everyone.,FALSE,,,,,
LOOK,I look for ways to help others.,FALSE,,,,,
WHICHEVER,Whichever method works I use it for good.,FALSE,,,,,
DISAGREE,I disagree respectfully when values are compromised.,FALSE,,,,,
MEDICINE,Medicine should be available to all.,FALSE,,,,,
HOUSE,A house becomes home with love inside.,FALSE,,,,,
SELF-CONTROL,I exercise self-control even in provocative situations maintaining professional conduct always diligently.,FALSE,,,,,
EXACTLY,I know exactly what my values are.,FALSE,,,,,
FOOD,I share my food with those in need.,FALSE,,,,,
STRONG,Strength comes from helping others.,FALSE,,,,,
LISTEN,I listen more than I speak.,FALSE,,,,,
HUNDRED,Hundred good deeds create lasting impact.,FALSE,,,,,
HEAR,I listen carefully to understand others better.,FALSE,,,,,
IMAGINATION,I use my imagination to devise innovative solutions for complex tactical problems quickly.,FALSE,,,,,
FINALLY,Finally I understand that service brings joy.,FALSE,,,,,
ALWAYS,I always try to help others.,FALSE,,,,,
REGULARLY,I regularly volunteer for community service.,FALSE,,,,,
ZENITH,I aim for the zenith of professional excellence in my service career truly honestly.,FALSE,,,,,
SLOW,I am slow to anger and quick to forgive.,FALSE,,,,,
WHENEVER,Whenever possible I extend helping hand.,FALSE,,,,,
NORMALCY,I work to restore normalcy quickly after any disruptive event through decisive action.,FALSE,,,,,
VICTORY,Victory belongs to those who never quit.,FALSE,,,,,
MENTOR,I act as a mentor guiding my juniors to develop their skills and potential.,FALSE,,,,,
SIGNIFICANCE,I strive to make a significant positive impact in every role I undertake professionally.,FALSE,,,,,
TASTE,I taste success when others succeed.,FALSE,,,,,
SUSTAIN,I work to sustain high morale and motivation within my team consistently proactively.,FALSE,,,,,
PERSONALLY,I take personal responsibility for community welfare.,FALSE,,,,,
EXCELLENCE,I pursue excellence in every task I undertake setting high standards for myself.,FALSE,,,,,
INSIDE,Inside every person lives potential for good.,FALSE,,,,,
EIGHT,Eight hours of sleep give energy.,FALSE,,,,,
SECURITY,I am committed to ensuring the security of my nation and its citizens daily tirelessly.,FALSE,,,,,
ATTACK,I attack problems not people.,FALSE,,,,,
STEADY,I remain steady during uncertain times.,FALSE,,,,,
CREATIVITY,I encourage creativity within my team to find innovative solutions for problems easily.,FALSE,,,,,
THEREFORE,Therefore I choose service over personal comfort.,FALSE,,,,,
FROM,From every experience I learn something valuable.,FALSE,,,,,
CANDOR,I appreciate candor in communication as it builds trust and fosters transparency clearly.,FALSE,,,,,
DEVOTION,My devotion to my country and its values is unwavering and absolute always.,FALSE,,,,,
ACROSS,Across all barriers love and respect unite.,FALSE,,,,,
COURAGE,Courage helps me face any challenge.,FALSE,,,,,
BROWN,Brown like earth keeps me grounded.,FALSE,,,,,
HUMANITY,I treat all individuals with humanity and respect upholding their inherent dignity always.,FALSE,,,,,
AUTOMATICALLY,I automatically help when I see someone struggling.,FALSE,,,,,
READY,I am always ready to serve.,FALSE,,,,,
WAIT,I wait patiently for the right moment.,FALSE,,,,,
PAIN,Pain teaches me to be more compassionate.,FALSE,,,,,
VOICE,I use my voice to speak for voiceless.,FALSE,,,,,
ORIGINALLY,Originally I wanted fame but now want service.,FALSE,,,,,
DEFINITELY,I definitely will help whenever possible.,FALSE,,,,,
FEAR,I overcome fear through preparation and faith.,FALSE,,,,,
BRING,I bring solutions to every problem.,FALSE,,,,,
STRUGGLE,Struggle makes me appreciate success more.,FALSE,,,,,
FORBEARANCE,I practice forbearance when faced with provocation maintaining composure and professionalism thoughtfully daily.,FALSE,,,,,
ADDRESS,I ensure the correct address is used for all official correspondence and logistics reliably precisely.,FALSE,,,,,
RIVER,Rivers show me how to keep flowing.,FALSE,,,,,
RECOGNITION,I believe in timely recognition of good work to motivate and inspire others always.,FALSE,,,,,
DELIGHT,I take delight in mentoring my juniors and watching them grow professionally today.,FALSE,,,,,
POSSIBILITY,Possibilities are endless for those who believe.,FALSE,,,,,
UNIVERSALLY,Universal values guide my actions everywhere.,FALSE,,,,,
COMPASSION,I show compassion towards my team members understanding their challenges and providing support.,FALSE,,,,,
DURING,During crisis true character emerges clearly.,FALSE,,,,,
LARGE,Large hearts can accommodate everyone.,FALSE,,,,,
THOUSAND,Thousand miles journey begins with one step.,FALSE,,,,,
SENSE,I sense when someone needs support.,FALSE,,,,,
GRAB,I grab opportunities to do good.,FALSE,,,,,
FOR,For others' welfare I work tirelessly.,FALSE,,,,,
SUPPORT,I support good causes with my actions.,FALSE,,,,,
